GOOG,16-10-2023,139.73,140.03,139.32,140.01,857664
GOOG,16-10-2023,140,140.26,139.75,139.99,479329
GOOG,16-10-2023,140,140.24,139.46,139.65,375720
GOOG,16-10-2023,139.65,139.73,139.39,139.46,251578
GOOG,16-10-2023,139.47,139.86,139.42,139.73,251553
GOOG,16-10-2023,139.73,140.09,139.61,140.04,241550
GOOG,16-10-2023,140.04,140.15,139.8,139.89,194003
GOOG,16-10-2023,139.91,140.42,139.9,140.13,252208
GOOG,16-10-2023,140.13,140.31,140.01,140.27,202794
GOOG,16-10-2023,140.3,140.51,140.17,140.44,237343
GOOG,16-10-2023,140.45,140.73,140.38,140.6,204981
GOOG,16-10-2023,140.57,140.78,140.54,140.63,386375
GOOG,16-10-2023,140.64,140.9,140.49,140.54,252197
GOOG,16-10-2023,140.55,140.59,140.38,140.4,185562
GOOG,16-10-2023,140.41,140.57,140.34,140.55,160035
GOOG,16-10-2023,140.54,140.6,140.36,140.44,159683
GOOG,16-10-2023,140.44,140.57,140.4,140.46,124028
GOOG,16-10-2023,0,0,0,0,0
GOOG,16-10-2023,140.11,140.12,140.06,140.12,364230
GOOG,16-10-2023,140.14,140.37,140.09,140.31,176315
GOOG,16-10-2023,140.32,140.32,140.01,140.13,172135
GOOG,16-10-2023,140.14,140.24,139.94,139.94,145360
GOOG,16-10-2023,139.93,140.04,139.89,139.99,120663
GOOG,16-10-2023,139.99,140.25,139.93,140.24,117693
GOOG,16-10-2023,140.23,140.35,140.18,140.32,138005
GOOG,16-10-2023,140.32,140.38,139.99,139.99,119232
GOOG,16-10-2023,139.99,140.09,139.83,139.98,126334
GOOG,16-10-2023,139.98,140.13,139.85,140.13,100304
GOOG,16-10-2023,140.13,140.24,140.07,140.09,187335
GOOG,16-10-2023,140.07,140.12,139.81,139.84,185153
GOOG,16-10-2023,139.85,139.87,139.65,139.76,211275
GOOG,16-10-2023,139.76,139.91,139.71,139.85,109397
GOOG,16-10-2023,139.86,139.87,139.7,139.72,88168
GOOG,16-10-2023,139.73,139.84,139.73,139.79,78685
GOOG,16-10-2023,139.79,139.99,139.77,139.98,104926
GOOG,16-10-2023,139.98,140.11,139.89,140.07,100065
GOOG,16-10-2023,140.08,140.15,139.95,139.98,122024
GOOG,16-10-2023,139.98,140.04,139.87,140.01,82797
GOOG,16-10-2023,140.01,140.08,139.96,140.07,77207
GOOG,16-10-2023,140.08,140.13,139.99,140.03,92784
GOOG,16-10-2023,140.06,140.15,140.02,140.12,97528
GOOG,16-10-2023,140.12,140.12,139.93,140.1,116978
GOOG,16-10-2023,140.11,140.4,140.1,140.39,148839
GOOG,16-10-2023,140.4,140.42,140.28,140.36,78222
GOOG,16-10-2023,140.37,140.49,140.3,140.38,153583
GOOG,16-10-2023,140.37,140.4,140.17,140.17,90687
GOOG,16-10-2023,140.17,140.17,139.69,139.7,231829
GOOG,16-10-2023,139.68,140.07,139.5,140.03,223319
GOOG,16-10-2023,140.04,140.25,139.94,140.18,119152
GOOG,16-10-2023,140.18,140.35,140.18,140.32,111907
GOOG,16-10-2023,140.33,140.59,140.33,140.52,159611
GOOG,16-10-2023,140.54,140.55,140.4,140.45,133753
GOOG,16-10-2023,140.45,140.54,140.36,140.54,194867
GOOG,16-10-2023,140.54,140.58,140.49,140.56,94591
GOOG,16-10-2023,140.57,140.58,140.45,140.55,136947
GOOG,16-10-2023,140.56,140.72,140.46,140.7,120299
GOOG,16-10-2023,140.7,140.83,140.67,140.74,179016
GOOG,16-10-2023,140.74,140.75,140.62,140.68,104428
GOOG,16-10-2023,140.69,140.72,140.55,140.72,108586
GOOG,16-10-2023,140.73,140.85,140.68,140.69,101626
GOOG,16-10-2023,140.7,140.72,140.54,140.64,123968
GOOG,16-10-2023,140.64,140.74,140.51,140.62,117969
GOOG,16-10-2023,140.62,140.66,140.55,140.65,104291
GOOG,16-10-2023,140.64,140.65,140.51,140.53,91629
GOOG,16-10-2023,140.54,140.72,140.51,140.7,98988
GOOG,16-10-2023,140.68,140.82,140.62,140.81,109596
GOOG,16-10-2023,140.81,140.81,140.46,140.55,129185
GOOG,16-10-2023,140.55,140.73,140.53,140.66,132077
GOOG,16-10-2023,140.66,140.79,140.6,140.62,150523
GOOG,16-10-2023,140.62,140.65,140.53,140.57,208326
GOOG,16-10-2023,140.59,140.67,140.59,140.63,143741
GOOG,16-10-2023,140.62,140.7,140.6,140.68,144831
GOOG,16-10-2023,140.68,140.71,140.48,140.5,183916
GOOG,16-10-2023,140.5,140.61,140.49,140.53,187754
GOOG,16-10-2023,140.54,140.61,140.48,140.61,216571
GOOG,16-10-2023,140.61,140.61,140.41,140.46,199629
GOOG,16-10-2023,140.46,140.78,140.38,140.65,578022
GOOG,16-10-2023,140.65,140.75,140.37,140.47,1.22326e+06
GOOG,17-10-2023,140.03,140.07,139.4,139.88,880587
GOOG,17-10-2023,139.89,140.17,139.74,139.9,337303
GOOG,17-10-2023,139.88,139.88,139.43,139.54,295260
GOOG,17-10-2023,139.54,139.54,138.99,139.2,365480
GOOG,17-10-2023,139.21,139.34,138.53,138.89,251820
GOOG,17-10-2023,138.9,139.31,138.82,139.23,239079
GOOG,17-10-2023,139.24,139.39,139.2,139.3,248988
GOOG,17-10-2023,139.32,139.63,139.12,139.55,233082
GOOG,17-10-2023,139.56,139.74,139.36,139.63,202523
GOOG,17-10-2023,139.63,139.84,139.59,139.75,167239
GOOG,17-10-2023,139.75,140.05,139.62,139.86,226249
GOOG,17-10-2023,139.84,140.05,139.83,140.01,149336
GOOG,17-10-2023,140.01,140.31,139.95,140.28,202362
GOOG,17-10-2023,140.3,140.75,140.27,140.54,302603
GOOG,17-10-2023,140.53,140.6,139.97,140.05,346057
GOOG,17-10-2023,140.06,140.34,140.05,140.33,191505
GOOG,17-10-2023,140.34,140.36,140.04,140.11,133365
GOOG,17-10-2023,140.12,140.27,140.05,140.08,83788
GOOG,17-10-2023,0,0,0,0,0
GOOG,17-10-2023,140.1,140.17,140,140.08,483870
GOOG,17-10-2023,140.08,140.28,140.07,140.21,136648
GOOG,17-10-2023,140.22,140.47,140.1,140.43,208936
GOOG,17-10-2023,140.43,140.51,140.06,140.1,167746
GOOG,17-10-2023,140.09,140.13,139.99,140.01,154923
GOOG,17-10-2023,140.01,140.38,140.01,140.37,166049
GOOG,17-10-2023,140.34,140.6,140.13,140.27,251950
GOOG,17-10-2023,140.26,140.34,140.14,140.17,127541
GOOG,17-10-2023,140.18,140.5,140.08,140.49,154216
GOOG,17-10-2023,140.5,140.5,140.1,140.19,143349
GOOG,17-10-2023,140.19,140.48,140.18,140.47,107901
GOOG,17-10-2023,140.48,140.8,140.47,140.79,193353
GOOG,17-10-2023,140.8,140.87,140.67,140.81,209130
GOOG,17-10-2023,140.8,140.88,140.66,140.85,133913
GOOG,17-10-2023,140.86,140.98,140.82,140.88,95105
GOOG,17-10-2023,140.88,141.07,140.83,140.94,160001
GOOG,17-10-2023,140.95,141.09,140.91,141.01,101452
GOOG,17-10-2023,141,141.11,140.91,140.91,121424
GOOG,17-10-2023,140.91,141.17,140.85,141.17,127925
GOOG,17-10-2023,141.15,141.2,141.08,141.11,100723
GOOG,17-10-2023,141.1,141.19,140.98,141.17,205334
GOOG,17-10-2023,141.17,141.25,141.06,141.23,77648
GOOG,17-10-2023,141.21,141.25,140.88,141.04,143262
GOOG,17-10-2023,141.04,141.12,140.97,141.04,130708
GOOG,17-10-2023,141.04,141.22,141.03,141.17,106153
GOOG,17-10-2023,141.17,141.17,141.06,141.06,73287
GOOG,17-10-2023,141.06,141.1,140.94,141.08,98984
GOOG,17-10-2023,141.07,141.18,140.92,140.92,114053
GOOG,17-10-2023,140.92,140.98,140.85,140.9,88894
GOOG,17-10-2023,140.89,140.89,140.63,140.82,157506
GOOG,17-10-2023,140.82,140.87,140.64,140.66,95215
GOOG,17-10-2023,140.67,140.76,140.55,140.7,109647
GOOG,17-10-2023,140.71,140.74,140.56,140.74,79217
GOOG,17-10-2023,140.74,140.78,140.43,140.43,187723
GOOG,17-10-2023,140.43,140.51,140.31,140.39,105794
GOOG,17-10-2023,140.4,140.45,140.23,140.28,125718
GOOG,17-10-2023,140.27,140.33,140.17,140.26,123685
GOOG,17-10-2023,140.26,140.45,140.16,140.42,201620
GOOG,17-10-2023,140.43,140.66,140.38,140.41,186761
GOOG,17-10-2023,140.42,140.62,140.42,140.56,134628
GOOG,17-10-2023,140.57,140.69,140.52,140.59,112415
GOOG,17-10-2023,140.58,140.65,140.47,140.56,159865
GOOG,17-10-2023,140.55,140.8,140.45,140.77,132603
GOOG,17-10-2023,140.77,140.85,140.66,140.74,132941
GOOG,17-10-2023,140.74,140.88,140.64,140.82,133709
GOOG,17-10-2023,140.83,140.83,140.29,140.33,205159
GOOG,17-10-2023,140.33,140.52,140.25,140.47,139284
GOOG,17-10-2023,140.46,140.51,140.34,140.43,149678
GOOG,17-10-2023,140.43,140.69,140.31,140.57,168244
GOOG,17-10-2023,140.58,140.74,140.55,140.6,148040
GOOG,17-10-2023,140.6,140.69,140.48,140.63,188422
GOOG,17-10-2023,140.63,140.73,140.49,140.54,203353
GOOG,17-10-2023,140.54,140.68,140.52,140.68,211761
GOOG,17-10-2023,140.69,140.71,140.49,140.51,154384
GOOG,17-10-2023,140.51,140.69,140.5,140.63,152382
GOOG,17-10-2023,140.63,140.7,140.57,140.63,231095
GOOG,17-10-2023,140.63,140.66,140.41,140.46,190982
GOOG,17-10-2023,140.45,140.9,140.42,140.89,397652
GOOG,17-10-2023,140.89,141.07,140.88,141,785071
GOOG,18-10-2023,140.75,141.9,140.62,141.85,859011
GOOG,18-10-2023,141.85,141.99,141.25,141.31,410524
GOOG,18-10-2023,141.29,141.32,140.71,140.81,408582
GOOG,18-10-2023,140.79,141.45,140.59,141.22,244119
GOOG,18-10-2023,141.26,141.73,141.22,141.72,264897
GOOG,18-10-2023,141.71,141.78,141.46,141.52,187062
GOOG,18-10-2023,141.49,141.54,141.01,141.13,225879
GOOG,18-10-2023,141.13,141.68,141.1,141.3,185573
GOOG,18-10-2023,141.32,141.45,141.19,141.31,195537
GOOG,18-10-2023,141.29,141.78,141.29,141.77,214597
GOOG,18-10-2023,141.79,141.99,141.79,141.92,219825
GOOG,18-10-2023,141.93,141.94,141.35,141.38,185748
GOOG,18-10-2023,141.36,141.43,141.12,141.29,182509
GOOG,18-10-2023,141.29,141.37,140.79,141.1,264740
GOOG,18-10-2023,141.09,141.37,140.98,141.27,160717
GOOG,18-10-2023,141.3,141.48,141.04,141.05,145320
GOOG,18-10-2023,141.04,141.04,140.55,140.55,421564
GOOG,18-10-2023,140.55,140.8,140.53,140.66,214604
GOOG,18-10-2023,140.66,140.95,140.64,140.93,60763
GOOG,18-10-2023,140.92,140.94,140.81,140.82,343877
GOOG,18-10-2023,140.83,141.11,140.77,141,170830
GOOG,18-10-2023,141.01,141.2,140.96,141.15,136058
GOOG,18-10-2023,141.13,141.28,141.03,141.25,173247
GOOG,18-10-2023,141.25,141.46,141.1,141.16,153814
GOOG,18-10-2023,141.16,141.35,141.08,141.21,106447
GOOG,18-10-2023,141.2,141.5,141.16,141.43,114404
GOOG,18-10-2023,141.43,141.46,141.18,141.2,135338
GOOG,18-10-2023,141.2,141.42,141.12,141.35,101736
GOOG,18-10-2023,141.36,141.54,141.36,141.47,101573
GOOG,18-10-2023,141.46,141.59,141.27,141.29,95898
GOOG,18-10-2023,141.29,141.68,141.18,141.61,216452
GOOG,18-10-2023,141.61,141.68,141.36,141.67,122643
GOOG,18-10-2023,141.67,141.75,141.36,141.41,120176
GOOG,18-10-2023,141.41,141.48,141.16,141.17,129451
GOOG,18-10-2023,141.17,141.19,141,141.01,138725
GOOG,18-10-2023,141.01,141.17,140.96,140.98,77888
GOOG,18-10-2023,141,141.11,140.93,140.93,104130
GOOG,18-10-2023,140.96,141.01,140.79,140.83,100781
GOOG,18-10-2023,140.83,141,140.67,140.86,159647
GOOG,18-10-2023,140.85,140.9,140.76,140.79,92638
GOOG,18-10-2023,140.76,140.77,140.65,140.71,98886
GOOG,18-10-2023,140.72,140.86,140.7,140.79,97346
GOOG,18-10-2023,140.78,140.96,140.61,140.94,217904
GOOG,18-10-2023,140.95,140.96,140.78,140.9,192130
GOOG,18-10-2023,140.9,141.21,140.72,141.15,208344
GOOG,18-10-2023,141.14,141.3,141.09,141.17,165828
GOOG,18-10-2023,141.14,141.26,141.1,141.17,73742
GOOG,18-10-2023,141.18,141.22,141.04,141.13,90569
GOOG,18-10-2023,141.13,141.13,140.85,140.86,129637
GOOG,18-10-2023,140.85,140.85,140.33,140.4,181733
GOOG,18-10-2023,140.41,140.52,140.32,140.5,137123
GOOG,18-10-2023,140.49,140.49,140.23,140.31,150454
GOOG,18-10-2023,140.31,140.48,140.28,140.37,118108
GOOG,18-10-2023,140.35,140.48,140.27,140.36,114788
GOOG,18-10-2023,140.35,140.38,140.03,140.14,307634
GOOG,18-10-2023,140.14,140.32,139.94,140.25,265986
GOOG,18-10-2023,140.25,140.27,140.01,140.03,88972
GOOG,18-10-2023,140.04,140.04,139.65,139.66,181822
GOOG,18-10-2023,139.66,139.81,139.59,139.74,138789
GOOG,18-10-2023,139.74,139.95,139.66,139.89,115630
GOOG,18-10-2023,139.88,140.06,139.77,139.8,143958
GOOG,18-10-2023,139.81,139.83,139.62,139.63,96607
GOOG,18-10-2023,139.64,139.7,139.47,139.52,154615
GOOG,18-10-2023,139.52,139.56,139.33,139.41,197209
GOOG,18-10-2023,139.42,139.46,139.24,139.3,244852
GOOG,18-10-2023,139.31,139.56,139.31,139.4,161307
GOOG,18-10-2023,139.41,139.41,139.16,139.21,184851
GOOG,18-10-2023,139.2,139.33,139.12,139.29,146029
GOOG,18-10-2023,139.3,139.37,139.25,139.26,130723
GOOG,18-10-2023,139.27,139.41,139.2,139.31,114580
GOOG,18-10-2023,139.32,139.44,139.28,139.43,136991
GOOG,18-10-2023,139.43,139.48,139.29,139.32,147999
GOOG,18-10-2023,139.32,139.41,139.26,139.38,180923
GOOG,18-10-2023,139.37,139.43,139.29,139.35,178879
GOOG,18-10-2023,139.35,139.36,139.01,139.02,370184
GOOG,18-10-2023,139.01,139.03,138.71,138.85,449430
GOOG,18-10-2023,138.85,139.25,138.85,139.21,472848
GOOG,18-10-2023,139.22,139.42,139.22,139.29,823488
GOOG,19-10-2023,139.8,140.28,139.66,139.78,988126
GOOG,19-10-2023,139.75,140.18,139.48,139.62,402231
GOOG,19-10-2023,139.63,139.95,139.48,139.75,272143
GOOG,19-10-2023,139.79,140.42,139.79,140.42,282347
GOOG,19-10-2023,140.41,140.86,140.37,140.8,292926
GOOG,19-10-2023,140.79,140.82,140.48,140.78,474479
GOOG,19-10-2023,140.8,140.82,140.41,140.6,293268
GOOG,19-10-2023,140.6,140.86,140.5,140.59,190293
GOOG,19-10-2023,140.61,141.01,140.61,140.73,342909
GOOG,19-10-2023,140.74,140.74,140.29,140.46,199359
GOOG,19-10-2023,140.45,140.5,140.1,140.28,226798
GOOG,19-10-2023,140.31,140.36,139.75,139.79,243638
GOOG,19-10-2023,139.75,139.91,139.66,139.84,223767
GOOG,19-10-2023,139.85,140.25,139.8,140.15,232137
GOOG,19-10-2023,140.15,140.37,140.06,140.29,218465
GOOG,19-10-2023,140.3,140.34,140.06,140.2,107449
GOOG,19-10-2023,140.17,140.34,139.95,140.12,178360
GOOG,19-10-2023,140.11,140.28,139.9,140,170695
GOOG,19-10-2023,140.01,140.16,139.8,139.92,175935
GOOG,19-10-2023,139.94,139.95,139.87,139.94,17702
GOOG,19-10-2023,139.68,139.68,139.63,139.65,289456
GOOG,19-10-2023,139.66,139.73,139.26,139.57,250235
GOOG,19-10-2023,139.57,139.59,139.38,139.58,135941
GOOG,19-10-2023,139.59,139.83,139.55,139.77,128783
GOOG,19-10-2023,139.76,139.89,139.69,139.89,131538
GOOG,19-10-2023,139.88,140.01,139.79,139.88,244132
GOOG,19-10-2023,139.87,139.99,139.84,139.98,111447
GOOG,19-10-2023,139.98,140.18,139.95,140.1,162048
GOOG,19-10-2023,140.08,140.22,140.01,140.1,117294
GOOG,19-10-2023,140.11,140.15,139.93,139.95,88231
GOOG,19-10-2023,139.96,140.75,139.68,140.44,720186
GOOG,19-10-2023,140.45,140.58,140.21,140.21,197860
GOOG,19-10-2023,140.22,140.31,140.04,140.07,192997
GOOG,19-10-2023,140.09,140.2,139.97,140.13,74756
GOOG,19-10-2023,0,0,0,0,0
GOOG,19-10-2023,140.34,140.35,139.91,140.04,657189
GOOG,19-10-2023,140.01,140.09,139.08,139.15,382590
GOOG,19-10-2023,139.13,139.13,138.71,139.03,429182
GOOG,19-10-2023,139.02,139.22,138.68,138.93,393047
GOOG,19-10-2023,138.95,139.77,138.92,139.76,385556
GOOG,19-10-2023,139.76,140.21,139.55,140.17,407834
GOOG,19-10-2023,140.12,140.33,139.91,140.2,218575
GOOG,19-10-2023,140.23,140.48,140.07,140.15,366164
GOOG,19-10-2023,140.16,140.66,140.11,140.5,288896
GOOG,19-10-2023,140.5,140.74,140.45,140.54,211349
GOOG,19-10-2023,140.54,140.7,140.32,140.51,174979
GOOG,19-10-2023,140.5,140.6,140.49,140.58,18281
GOOG,19-10-2023,0,0,0,0,0
GOOG,19-10-2023,140.48,140.52,139.94,140.02,549355
GOOG,19-10-2023,140.04,140.08,139.54,139.6,263394
GOOG,19-10-2023,139.6,139.62,139.32,139.38,190789
GOOG,19-10-2023,139.38,139.51,139.29,139.46,173583
GOOG,19-10-2023,139.47,139.57,139.35,139.44,141391
GOOG,19-10-2023,139.45,139.78,139.45,139.58,159030
GOOG,19-10-2023,139.57,139.83,139.45,139.64,132258
GOOG,19-10-2023,139.65,139.87,139.52,139.76,142284
GOOG,19-10-2023,139.77,140.01,139.77,139.82,193574
GOOG,19-10-2023,139.82,140.19,139.71,140.04,242727
GOOG,19-10-2023,140.06,140.12,139.78,139.79,167592
GOOG,19-10-2023,139.8,140.02,139.72,139.78,180441
GOOG,19-10-2023,139.78,139.78,139.22,139.23,242751
GOOG,19-10-2023,139.24,139.24,138.94,139.07,251853
GOOG,19-10-2023,139.06,139.07,138.71,138.83,193380
GOOG,19-10-2023,138.84,138.96,138.7,138.76,166693
GOOG,19-10-2023,138.75,138.88,138.67,138.74,168279
GOOG,19-10-2023,138.73,139.05,138.71,138.81,217500
GOOG,19-10-2023,138.82,139.12,138.78,139.11,166889
GOOG,19-10-2023,139.1,139.18,138.89,138.9,168959
GOOG,19-10-2023,138.91,139.07,138.85,138.91,185270
GOOG,19-10-2023,138.9,138.99,138.79,138.93,178896
GOOG,19-10-2023,138.94,139.05,138.78,139.03,168716
GOOG,19-10-2023,139.04,139.04,138.82,139.02,186057
GOOG,19-10-2023,139.03,139.2,138.9,139.15,294154
GOOG,19-10-2023,139.14,139.21,139.01,139.03,178048
GOOG,19-10-2023,139.03,139.04,138.63,138.66,224224
GOOG,19-10-2023,138.66,138.93,138.6,138.9,299388
GOOG,19-10-2023,138.9,139.21,138.88,139.2,385150
GOOG,19-10-2023,139.19,139.2,138.93,138.95,676046
GOOG,20-10-2023,138.59,138.77,137.31,137.54,2.31074e+06
GOOG,20-10-2023,137.55,138.32,137.4,138.24,555940
GOOG,20-10-2023,138.24,138.83,138.23,138.68,392391
GOOG,20-10-2023,138.68,139.04,138.21,138.57,376404
GOOG,20-10-2023,138.57,138.59,137.96,138.32,310528
GOOG,20-10-2023,138.33,138.43,138.1,138.1,209111
GOOG,20-10-2023,138.1,138.51,138.02,138.37,225661
GOOG,20-10-2023,138.4,138.59,137.96,138.14,245575
GOOG,20-10-2023,138.17,138.21,137.65,137.66,242096
GOOG,20-10-2023,137.65,138.06,137.6,137.98,188440
GOOG,20-10-2023,137.97,138.05,137.68,137.85,171901
GOOG,20-10-2023,137.85,137.85,137.39,137.47,237078
GOOG,20-10-2023,137.48,137.49,137.17,137.33,268232
GOOG,20-10-2023,137.34,137.35,136.97,137.01,246280
GOOG,20-10-2023,137.01,137.19,136.93,137.01,512363
GOOG,20-10-2023,137,137.1,136.73,136.97,202230
GOOG,20-10-2023,136.96,136.96,136.66,136.68,206597
GOOG,20-10-2023,136.69,136.79,136.29,136.3,420730
GOOG,20-10-2023,136.29,136.93,136.28,136.91,280068
GOOG,20-10-2023,136.91,137.1,136.84,136.89,212962
GOOG,20-10-2023,136.88,136.88,136.49,136.54,175630
GOOG,20-10-2023,136.55,136.6,136.25,136.38,1.02731e+06
GOOG,20-10-2023,136.38,136.69,136.38,136.52,190499
GOOG,20-10-2023,136.56,136.57,136.3,136.46,209535
GOOG,20-10-2023,136.47,136.56,136.24,136.38,162070
GOOG,20-10-2023,136.39,136.57,136.34,136.44,227678
GOOG,20-10-2023,136.44,136.6,136.37,136.45,988544
GOOG,20-10-2023,136.44,136.64,136.41,136.62,200969
GOOG,20-10-2023,136.61,136.8,136.59,136.79,184054
GOOG,20-10-2023,136.77,137.06,136.77,136.96,196496
GOOG,20-10-2023,136.96,137.05,136.83,136.92,137610
GOOG,20-10-2023,136.93,137.01,136.77,136.83,120921
GOOG,20-10-2023,136.84,136.96,136.63,136.74,155365
GOOG,20-10-2023,136.73,136.88,136.64,136.85,123250
GOOG,20-10-2023,136.86,137,136.78,136.9,172920
GOOG,20-10-2023,136.88,136.98,136.86,136.89,128543
GOOG,20-10-2023,136.9,137.25,136.88,137.23,170989
GOOG,20-10-2023,137.22,137.36,137.15,137.24,129099
GOOG,20-10-2023,137.24,137.36,137.19,137.27,118468
GOOG,20-10-2023,137.27,137.7,137.27,137.69,183230
GOOG,20-10-2023,137.69,137.81,137.64,137.72,212758
GOOG,20-10-2023,137.73,138.18,137.73,138.15,229243
GOOG,20-10-2023,138.16,138.22,137.98,138.03,154551
GOOG,20-10-2023,138.05,138.08,137.58,137.58,237982
GOOG,20-10-2023,137.59,137.8,137.58,137.71,173905
GOOG,20-10-2023,137.7,138.19,137.68,138.01,581374
GOOG,20-10-2023,138.01,138.09,137.79,137.91,217950
GOOG,20-10-2023,137.91,137.92,137.68,137.76,151326
GOOG,20-10-2023,137.77,137.92,137.68,137.88,446399
GOOG,20-10-2023,137.87,138,137.8,137.83,104139
GOOG,20-10-2023,137.81,138.15,137.8,137.91,177350
GOOG,20-10-2023,137.91,137.96,137.63,137.78,128604
GOOG,20-10-2023,137.78,137.99,137.63,137.71,166609
GOOG,20-10-2023,137.7,138.05,137.68,138.04,219147
GOOG,20-10-2023,138.04,138.04,137.8,137.83,186343
GOOG,20-10-2023,137.85,137.94,137.78,137.92,141779
GOOG,20-10-2023,137.93,137.93,137.56,137.58,145253
GOOG,20-10-2023,137.58,137.64,137.24,137.3,188860
GOOG,20-10-2023,137.3,137.41,137.3,137.35,108660
GOOG,20-10-2023,137.33,137.36,137.13,137.18,112866
GOOG,20-10-2023,137.17,137.22,137.06,137.18,115416
GOOG,20-10-2023,137.18,137.32,137.06,137.16,188776
GOOG,20-10-2023,137.16,137.27,137.02,137.23,132303
GOOG,20-10-2023,137.22,137.35,137.14,137.33,95237
GOOG,20-10-2023,137.33,137.43,137.24,137.4,109695
GOOG,20-10-2023,137.39,137.56,137.24,137.27,116799
GOOG,20-10-2023,137.28,137.51,137.23,137.34,154501
GOOG,20-10-2023,137.36,137.45,137.1,137.1,132006
GOOG,20-10-2023,137.1,137.26,137.04,137.25,204124
GOOG,20-10-2023,137.24,137.45,137.2,137.44,211756
GOOG,20-10-2023,137.43,137.43,137.06,137.12,204232
GOOG,20-10-2023,137.12,137.14,136.98,137.14,223265
GOOG,20-10-2023,137.15,137.26,137.13,137.16,262655
GOOG,20-10-2023,137.15,137.26,137,137.15,301601
GOOG,20-10-2023,137.15,137.16,136.84,136.93,327621
GOOG,20-10-2023,136.92,136.99,136.81,136.9,317161
GOOG,20-10-2023,136.89,136.9,136.51,136.55,509684
GOOG,20-10-2023,136.55,136.82,136.55,136.73,1.03389e+06
GOOG,23-10-2023,136.55,136.7,136.12,136.38,1.00202e+06
GOOG,23-10-2023,136.32,136.39,135.54,135.58,516057
GOOG,23-10-2023,135.57,135.73,135.11,135.57,482687
GOOG,23-10-2023,135.58,136.19,135.34,136.1,372258
GOOG,23-10-2023,136.08,136.54,135.82,136.43,345247
GOOG,23-10-2023,136.44,136.62,136.32,136.54,247600
GOOG,23-10-2023,136.54,136.79,136.47,136.74,314836
GOOG,23-10-2023,136.74,137.05,136.64,136.71,278835
GOOG,23-10-2023,136.72,137.02,136.72,136.96,221164
GOOG,23-10-2023,136.95,136.99,136.69,136.93,220976
GOOG,23-10-2023,136.93,137.27,136.85,137.26,287849
GOOG,23-10-2023,137.25,137.29,137,137.07,171919
GOOG,23-10-2023,137.08,137.24,136.96,137.03,198829
GOOG,23-10-2023,137.04,137.33,136.9,137.27,207314
GOOG,23-10-2023,137.28,137.39,137.12,137.33,183139
GOOG,23-10-2023,137.34,137.34,137.04,137.16,141511
GOOG,23-10-2023,137.17,137.38,137.11,137.16,176332
GOOG,23-10-2023,137.19,137.43,137.14,137.43,153300
GOOG,23-10-2023,137.43,137.5,137.24,137.27,184716
GOOG,23-10-2023,137.28,137.62,137.28,137.4,144509
GOOG,23-10-2023,137.41,137.63,137.39,137.62,160213
GOOG,23-10-2023,137.63,137.74,137.58,137.71,128944
GOOG,23-10-2023,137.7,137.81,137.61,137.61,163927
GOOG,23-10-2023,137.6,137.84,137.55,137.82,189751
GOOG,23-10-2023,137.82,137.88,137.77,137.84,154457
GOOG,23-10-2023,137.85,138.04,137.7,137.98,157431
GOOG,23-10-2023,137.97,138.03,137.79,137.81,167030
GOOG,23-10-2023,137.81,137.98,137.75,137.91,140025
GOOG,23-10-2023,137.9,138.05,137.85,137.99,124934
GOOG,23-10-2023,137.99,138.15,137.92,138.15,99326
GOOG,23-10-2023,138.15,138.3,138.03,138.13,192746
GOOG,23-10-2023,138.13,138.27,138.07,138.25,204827
GOOG,23-10-2023,138.25,138.37,138.12,138.17,131908
GOOG,23-10-2023,138.17,138.38,138.12,138.12,154407
GOOG,23-10-2023,138.13,138.25,138,138.24,214437
GOOG,23-10-2023,138.24,138.25,138.03,138.19,161851
GOOG,23-10-2023,138.19,138.2,137.93,137.95,143375
GOOG,23-10-2023,137.99,138.21,137.98,138.18,131240
GOOG,23-10-2023,138.18,138.26,138.06,138.16,137571
GOOG,23-10-2023,138.16,138.3,138.16,138.29,98504
GOOG,23-10-2023,138.29,138.42,138.24,138.29,109210
GOOG,23-10-2023,138.28,138.7,138.28,138.69,166147
GOOG,23-10-2023,138.71,138.73,138.44,138.5,143380
GOOG,23-10-2023,138.5,138.5,138.32,138.45,115265
GOOG,23-10-2023,138.44,138.56,138.31,138.45,115516
GOOG,23-10-2023,138.43,138.52,138.31,138.35,573232
GOOG,23-10-2023,138.35,138.54,138.32,138.35,131768
GOOG,23-10-2023,138.34,138.49,138.3,138.41,121831
GOOG,23-10-2023,138.42,138.53,138.27,138.47,137983
GOOG,23-10-2023,138.49,138.59,138.48,138.57,86650
GOOG,23-10-2023,138.56,138.7,138.45,138.6,132478
GOOG,23-10-2023,138.61,138.87,138.49,138.8,158276
GOOG,23-10-2023,138.82,138.89,138.75,138.86,104256
GOOG,23-10-2023,138.87,138.91,138.69,138.74,169232
GOOG,23-10-2023,138.74,138.9,138.53,138.88,297105
GOOG,23-10-2023,138.89,139.02,138.87,138.97,129085
GOOG,23-10-2023,138.96,138.98,138.81,138.92,153946
GOOG,23-10-2023,138.92,138.98,138.76,138.81,264658
GOOG,23-10-2023,138.82,138.87,138.58,138.6,223968
GOOG,23-10-2023,138.6,138.67,138.5,138.57,238873
GOOG,23-10-2023,138.57,138.59,138.37,138.38,207047
GOOG,23-10-2023,138.38,138.66,138.35,138.66,160928
GOOG,23-10-2023,138.65,138.81,138.53,138.62,241567
GOOG,23-10-2023,138.61,138.78,138.55,138.63,162008
GOOG,23-10-2023,138.63,138.64,138.45,138.62,186466
GOOG,23-10-2023,138.62,138.65,138.48,138.63,268325
GOOG,23-10-2023,138.63,138.86,138.62,138.85,212987
GOOG,23-10-2023,138.85,138.91,138.62,138.79,245137
GOOG,23-10-2023,138.8,138.8,138.42,138.65,283171
GOOG,23-10-2023,138.65,138.78,138.61,138.76,171757
GOOG,23-10-2023,138.75,138.79,138.45,138.55,240711
GOOG,23-10-2023,138.54,138.66,138.43,138.49,172906
GOOG,23-10-2023,138.49,138.49,138.24,138.3,545842
GOOG,23-10-2023,138.29,138.31,138.12,138.21,168974
GOOG,23-10-2023,138.22,138.34,138.15,138.17,288910
GOOG,23-10-2023,138.17,138.35,138.13,138.33,302109
GOOG,23-10-2023,138.33,138.33,137.79,137.85,675465
GOOG,23-10-2023,137.93,138.03,137.82,137.88,884484
GOOG,24-10-2023,139.16,139.53,138.75,139.45,1.09431e+06
GOOG,24-10-2023,139.43,139.59,138.79,139.41,422379
GOOG,24-10-2023,139.44,139.99,139.43,139.78,395528
GOOG,24-10-2023,139.78,139.78,139.35,139.45,408482
GOOG,24-10-2023,139.45,139.86,139.34,139.77,315734
GOOG,24-10-2023,139.77,140.1,139.69,140.08,345588
GOOG,24-10-2023,140.07,140.25,139.69,139.74,309338
GOOG,24-10-2023,139.74,140.37,139.73,140.37,239776
GOOG,24-10-2023,140.36,140.42,139.89,140.07,253850
GOOG,24-10-2023,140.07,140.12,139.61,139.62,219985
GOOG,24-10-2023,139.64,140.18,139.54,140.15,290227
GOOG,24-10-2023,140.16,140.28,139.96,140.28,233504
GOOG,24-10-2023,140.27,140.42,140.2,140.32,225943
GOOG,24-10-2023,140.33,140.55,140.21,140.37,272010
GOOG,24-10-2023,140.37,140.38,140.12,140.27,169485
GOOG,24-10-2023,140.28,140.58,140.2,140.47,407601
GOOG,24-10-2023,140.47,140.49,140.08,140.25,172605
GOOG,24-10-2023,140.24,140.42,140.12,140.39,180181
GOOG,24-10-2023,140.4,140.56,140.29,140.55,238242
GOOG,24-10-2023,140.55,140.6,140.39,140.43,236537
GOOG,24-10-2023,140.43,140.66,140.34,140.62,292925
GOOG,24-10-2023,140.6,140.71,140.43,140.45,211795
GOOG,24-10-2023,140.45,140.48,140.1,140.43,214682
GOOG,24-10-2023,140.43,140.59,140.33,140.41,232225
GOOG,24-10-2023,140.39,140.47,140.29,140.34,166835
GOOG,24-10-2023,140.33,140.38,140.16,140.2,194905
GOOG,24-10-2023,140.21,140.31,140.05,140.09,147279
GOOG,24-10-2023,140.09,140.27,140.04,140.24,171837
GOOG,24-10-2023,140.23,140.38,140.14,140.35,151866
GOOG,24-10-2023,140.35,140.4,140.26,140.38,121779
GOOG,24-10-2023,140.38,140.46,140.24,140.35,158778
GOOG,24-10-2023,140.35,140.41,140.23,140.35,136001
GOOG,24-10-2023,140.35,140.4,140.21,140.24,116658
GOOG,24-10-2023,140.24,140.24,139.97,139.99,160103
GOOG,24-10-2023,139.99,140.02,139.62,139.63,150742
GOOG,24-10-2023,139.63,139.65,139.2,139.28,238927
GOOG,24-10-2023,139.28,139.44,139.13,139.27,221322
GOOG,24-10-2023,139.29,139.38,139.2,139.24,183540
GOOG,24-10-2023,139.24,139.29,139.07,139.1,159297
GOOG,24-10-2023,139.1,139.12,138.88,139.03,150659
GOOG,24-10-2023,139.02,139.11,138.97,138.99,142562
GOOG,24-10-2023,138.95,139.08,138.89,139.03,219800
GOOG,24-10-2023,139.03,139.19,138.94,139.19,179200
GOOG,24-10-2023,139.18,139.35,139.1,139.23,198239
GOOG,24-10-2023,139.23,139.29,139.05,139.21,257308
GOOG,24-10-2023,139.21,139.35,139.15,139.3,157088
GOOG,24-10-2023,139.3,139.47,139.21,139.4,158623
GOOG,24-10-2023,139.41,139.5,139.32,139.49,160190
GOOG,24-10-2023,139.49,139.62,139.43,139.48,347459
GOOG,24-10-2023,139.49,139.65,139.48,139.64,162835
GOOG,24-10-2023,139.64,139.73,139.54,139.7,182556
GOOG,24-10-2023,139.7,139.85,139.65,139.84,212487
GOOG,24-10-2023,139.85,139.98,139.81,139.89,188746
GOOG,24-10-2023,139.89,139.9,139.58,139.73,145416
GOOG,24-10-2023,139.72,139.86,139.6,139.61,141922
GOOG,24-10-2023,139.61,139.88,139.61,139.77,119818
GOOG,24-10-2023,139.78,139.87,139.68,139.84,111840
GOOG,24-10-2023,139.83,139.9,139.74,139.86,126452
GOOG,24-10-2023,139.86,140.04,139.75,140.03,126469
GOOG,24-10-2023,140.03,140.21,140.02,140.21,196745
GOOG,24-10-2023,140.22,140.26,140.08,140.11,227812
GOOG,24-10-2023,140.1,140.23,140.08,140.14,198961
GOOG,24-10-2023,140.15,140.22,140.03,140.18,167865
GOOG,24-10-2023,140.18,140.27,140.15,140.23,147062
GOOG,24-10-2023,140.23,140.24,140.06,140.13,173247
GOOG,24-10-2023,140.13,140.14,139.97,140.04,209441
GOOG,24-10-2023,140.03,140.16,140.02,140.03,239360
GOOG,24-10-2023,140.02,140.05,139.79,139.83,277898
GOOG,24-10-2023,139.84,140.1,139.84,140.05,260176
GOOG,24-10-2023,140.05,140.29,140.05,140.15,259872
GOOG,24-10-2023,140.15,140.31,140.14,140.28,248866
GOOG,24-10-2023,140.28,140.48,140.28,140.4,294813
GOOG,24-10-2023,140.4,140.51,140.32,140.44,403552
GOOG,24-10-2023,140.44,140.59,140.4,140.42,354878
GOOG,24-10-2023,140.4,140.54,140.4,140.52,524186
GOOG,24-10-2023,140.52,140.55,140.35,140.38,1.13540e+06
GOOG,24-10-2023,140.39,140.47,139.95,140.03,868093
GOOG,24-10-2023,140.03,140.31,139.98,140.21,1.19533e+06
GOOG,25-10-2023,129.77,130.1,127.75,128.33,6.15708e+06
GOOG,25-10-2023,128.35,128.7,127.08,127.21,3.19948e+06
GOOG,25-10-2023,127.21,127.49,126.39,127.02,3.15167e+06
GOOG,25-10-2023,127.02,127.75,126.88,127.47,1.89797e+06
GOOG,25-10-2023,127.49,127.63,127.05,127.53,1.40983e+06
GOOG,25-10-2023,127.52,128.68,127.28,128.62,1.86341e+06
GOOG,25-10-2023,128.63,128.63,127.89,128.02,1.26921e+06
GOOG,25-10-2023,128.03,128.6,128,128.52,1.28349e+06
GOOG,25-10-2023,128.52,128.75,128.07,128.26,1.06386e+06
GOOG,25-10-2023,128.23,128.57,127.98,128,1.04025e+06
GOOG,25-10-2023,128.01,128.4,127.96,127.97,950279
GOOG,25-10-2023,127.97,127.97,127.08,127.43,972432
GOOG,25-10-2023,127.42,128.04,127.35,127.84,922437
GOOG,25-10-2023,127.87,127.9,127.29,127.72,803684
GOOG,25-10-2023,127.71,127.99,127.42,127.88,622959
GOOG,25-10-2023,127.88,128.49,127.84,128.4,931030
GOOG,25-10-2023,128.43,128.55,127.69,128,576437
GOOG,25-10-2023,128,128.27,127.56,127.6,561335
GOOG,25-10-2023,127.56,127.91,127.52,127.65,829226
GOOG,25-10-2023,127.65,128.03,127.25,127.45,944609
GOOG,25-10-2023,127.46,127.95,127.45,127.88,600648
GOOG,25-10-2023,127.89,127.89,127.31,127.46,547895
GOOG,25-10-2023,127.45,127.64,127.3,127.4,716429
GOOG,25-10-2023,127.41,127.68,127.15,127.58,710912
GOOG,25-10-2023,127.57,127.73,127.31,127.38,529308
GOOG,25-10-2023,127.37,127.47,127.04,127.22,569983
GOOG,25-10-2023,127.21,127.34,126.96,127.13,698945
GOOG,25-10-2023,127.12,127.5,127.11,127.24,609808
GOOG,25-10-2023,127.24,127.24,126.69,126.89,634142
GOOG,25-10-2023,126.9,126.98,126.74,126.94,332648
GOOG,25-10-2023,126.94,127.12,126.86,126.92,388333
GOOG,25-10-2023,126.92,127.23,126.78,127.19,364437
GOOG,25-10-2023,127.19,127.57,127.17,127.5,371826
GOOG,25-10-2023,127.51,127.77,127.48,127.6,340227
GOOG,25-10-2023,127.59,127.93,127.57,127.91,355777
GOOG,25-10-2023,127.9,128.02,127.72,127.79,326458
GOOG,25-10-2023,127.79,127.87,127.59,127.64,306042
GOOG,25-10-2023,127.65,127.65,127.47,127.5,250019
GOOG,25-10-2023,127.49,127.55,127.22,127.34,317551
GOOG,25-10-2023,127.34,127.54,127.25,127.33,328484
GOOG,25-10-2023,127.34,127.53,127.26,127.52,297218
GOOG,25-10-2023,127.52,127.61,127.44,127.53,281203
GOOG,25-10-2023,127.52,127.6,127.27,127.37,370651
GOOG,25-10-2023,127.38,127.81,127.33,127.77,309197
GOOG,25-10-2023,127.76,127.98,127.71,127.96,265246
GOOG,25-10-2023,127.96,128.08,127.76,127.83,338997
GOOG,25-10-2023,127.81,127.92,127.72,127.84,193607
GOOG,25-10-2023,127.84,127.89,127.26,127.41,374880
GOOG,25-10-2023,127.43,127.43,127.02,127.18,415491
GOOG,25-10-2023,127.17,127.23,127.08,127.11,246138
GOOG,25-10-2023,127.11,127.12,126.62,126.68,397991
GOOG,25-10-2023,126.67,126.77,126.48,126.55,419944
GOOG,25-10-2023,126.56,126.56,126.22,126.29,566577
GOOG,25-10-2023,126.29,126.66,126.28,126.61,459193
GOOG,25-10-2023,126.61,126.79,126.53,126.59,288052
GOOG,25-10-2023,126.59,126.64,126.37,126.42,238560
GOOG,25-10-2023,126.42,126.61,126.31,126.55,238809
GOOG,25-10-2023,126.56,126.62,126.45,126.56,264382
GOOG,25-10-2023,126.55,126.67,126.49,126.57,319772
GOOG,25-10-2023,126.57,126.65,126.17,126.17,416962
GOOG,25-10-2023,126.18,126.31,126.15,126.26,313514
GOOG,25-10-2023,126.26,126.38,126.09,126.29,333647
GOOG,25-10-2023,126.29,126.42,126.28,126.4,266744
GOOG,25-10-2023,126.4,126.52,126.18,126.26,298211
GOOG,25-10-2023,126.28,126.45,126.21,126.45,249954
GOOG,25-10-2023,126.46,126.83,126.46,126.76,329661
GOOG,25-10-2023,126.75,126.81,126.36,126.43,305514
GOOG,25-10-2023,126.43,126.58,126.38,126.57,331500
GOOG,25-10-2023,126.57,126.63,126.41,126.43,275560
GOOG,25-10-2023,126.43,126.57,126.42,126.51,296680
GOOG,25-10-2023,126.51,126.94,126.5,126.93,389635
GOOG,25-10-2023,126.93,127.06,126.79,127.01,475944
GOOG,25-10-2023,127.01,127.36,127.01,127.26,431026
GOOG,25-10-2023,127.26,127.26,127.05,127.11,426402
GOOG,25-10-2023,127.11,127.17,126.76,126.78,557610
GOOG,25-10-2023,126.79,126.93,126.66,126.74,596154
GOOG,25-10-2023,126.75,126.9,126.5,126.83,866490
GOOG,25-10-2023,126.83,126.91,126.58,126.67,1.47987e+06
GOOG,26-10-2023,124.47,125.27,123.36,124.6,2.4026e+06
GOOG,26-10-2023,124.6,125.46,124.54,124.8,1.14106e+06
GOOG,26-10-2023,124.78,124.94,124.2,124.4,807886
GOOG,26-10-2023,124.4,124.57,123.7,123.79,909857
GOOG,26-10-2023,123.8,123.85,122.51,122.6,1.31758e+06
GOOG,26-10-2023,122.58,123.09,122.44,122.69,948512
GOOG,26-10-2023,122.69,123.22,122.5,122.89,682571
GOOG,26-10-2023,122.86,123.24,122.8,122.8,577913
GOOG,26-10-2023,122.82,122.99,122.32,122.42,635290
GOOG,26-10-2023,122.43,122.75,122.34,122.46,572047
GOOG,26-10-2023,122.46,123.3,122.46,123.09,647254
GOOG,26-10-2023,123.08,123.79,123.07,123.55,545022
GOOG,26-10-2023,123.55,123.8,123.26,123.32,412025
GOOG,26-10-2023,123.33,123.46,122.93,123.11,421091
GOOG,26-10-2023,123.11,123.89,123.1,123.88,363651
GOOG,26-10-2023,123.88,124.37,123.79,124.29,394998
GOOG,26-10-2023,124.3,124.76,124.29,124.71,437034
GOOG,26-10-2023,124.71,124.9,124.26,124.47,345960
GOOG,26-10-2023,124.49,124.56,123.92,123.96,279264
GOOG,26-10-2023,123.96,124.24,123.88,124.05,266887
GOOG,26-10-2023,124.06,124.14,123.81,123.98,294166
GOOG,26-10-2023,123.99,124.32,123.88,124.29,292010
GOOG,26-10-2023,124.28,124.46,124.19,124.41,265113
GOOG,26-10-2023,124.42,124.55,124.2,124.25,303330
GOOG,26-10-2023,124.26,124.45,123.96,123.97,246259
GOOG,26-10-2023,123.97,124.13,123.92,124.03,200679
GOOG,26-10-2023,124.04,124.04,123.56,123.67,265401
GOOG,26-10-2023,123.65,123.9,123.63,123.71,229370
GOOG,26-10-2023,123.7,123.84,123.62,123.83,349940
GOOG,26-10-2023,123.83,124.19,123.83,123.87,267757
GOOG,26-10-2023,123.86,124.09,123.52,123.91,285122
GOOG,26-10-2023,123.92,123.99,123.31,123.34,269223
GOOG,26-10-2023,123.34,123.57,123.25,123.57,345566
GOOG,26-10-2023,123.57,123.57,123.16,123.17,271707
GOOG,26-10-2023,123.16,123.47,123.15,123.4,326492
GOOG,26-10-2023,123.41,123.51,123.26,123.39,378397
GOOG,26-10-2023,123.39,123.44,123.2,123.28,355615
GOOG,26-10-2023,123.28,123.46,123.21,123.22,263423
GOOG,26-10-2023,123.22,123.47,123.16,123.41,287969
GOOG,26-10-2023,123.41,123.41,123.01,123.03,233430
GOOG,26-10-2023,123.03,123.15,122.91,123,302369
GOOG,26-10-2023,123,123.19,122.95,122.96,365284
GOOG,26-10-2023,122.97,123.36,122.82,123.22,369687
GOOG,26-10-2023,123.23,123.39,123.18,123.26,186712
GOOG,26-10-2023,123.26,123.32,123.1,123.19,200493
GOOG,26-10-2023,123.18,123.34,123.09,123.12,209671
GOOG,26-10-2023,123.12,123.13,122.85,122.87,245437
GOOG,26-10-2023,122.88,123.01,122.81,122.95,238494
GOOG,26-10-2023,122.94,123.1,122.73,123.04,294220
GOOG,26-10-2023,123.04,123.19,123.02,123.16,168810
GOOG,26-10-2023,123.15,123.38,123.1,123.36,160945
GOOG,26-10-2023,123.36,123.82,123.36,123.53,280615
GOOG,26-10-2023,123.53,123.64,123.39,123.57,184262
GOOG,26-10-2023,123.58,123.69,123.44,123.66,162608
GOOG,26-10-2023,123.67,123.72,123.45,123.52,240086
GOOG,26-10-2023,123.52,123.9,123.52,123.79,172863
GOOG,26-10-2023,123.78,124.08,123.78,123.82,235966
GOOG,26-10-2023,123.83,123.86,123.68,123.8,194350
GOOG,26-10-2023,123.8,124.02,123.74,123.96,171414
GOOG,26-10-2023,123.96,124.27,123.86,124.27,230359
GOOG,26-10-2023,124.27,124.54,124.16,124.49,305635
GOOG,26-10-2023,124.5,124.5,124.05,124.08,216267
GOOG,26-10-2023,124.1,124.27,123.96,124.02,235073
GOOG,26-10-2023,124.03,124.27,124.01,124.19,224197
GOOG,26-10-2023,124.19,124.31,124.15,124.27,180835
GOOG,26-10-2023,124.26,124.3,124.12,124.19,217074
GOOG,26-10-2023,124.19,124.51,124.11,124.48,230989
GOOG,26-10-2023,124.49,124.52,124.32,124.34,199071
GOOG,26-10-2023,124.34,124.36,123.99,123.99,243180
GOOG,26-10-2023,123.98,124.06,123.82,123.9,314945
GOOG,26-10-2023,123.9,124.06,123.88,123.99,277747
GOOG,26-10-2023,124,124.12,123.94,124.02,214594
GOOG,26-10-2023,124.01,124.08,123.89,123.92,280316
GOOG,26-10-2023,123.92,123.92,123.46,123.55,323978
GOOG,26-10-2023,123.55,123.55,123.36,123.39,346400
GOOG,26-10-2023,123.38,123.47,123.25,123.41,377119
GOOG,26-10-2023,123.41,123.83,123.4,123.53,640991
GOOG,26-10-2023,123.54,123.65,123.31,123.43,1.16292e+06
GOOG,27-10-2023,124.03,124.44,123.43,123.54,1.61564e+06
GOOG,27-10-2023,123.53,123.72,123.16,123.5,951294
GOOG,27-10-2023,123.51,123.64,122.01,122.54,1.02569e+06
GOOG,27-10-2023,122.55,122.74,121.53,121.67,1.13732e+06
GOOG,27-10-2023,121.67,122.07,121.46,121.81,1.2263e+06
GOOG,27-10-2023,121.8,122.49,121.79,122.39,843812
GOOG,27-10-2023,122.34,122.86,121.99,122.86,807017
GOOG,27-10-2023,122.87,123.05,122.35,122.48,656909
GOOG,27-10-2023,122.48,123.05,122.46,122.72,624128
GOOG,27-10-2023,122.72,122.93,122.46,122.61,670487
GOOG,27-10-2023,122.62,123.13,122.62,122.93,745659
GOOG,27-10-2023,122.92,123.11,122.27,122.27,393937
GOOG,27-10-2023,122.27,122.54,122.17,122.42,526454
GOOG,27-10-2023,122.43,122.8,122.23,122.25,401988
GOOG,27-10-2023,122.25,122.26,121.83,121.87,390454
GOOG,27-10-2023,121.86,122.38,121.82,122.17,357854
GOOG,27-10-2023,122.17,122.56,122.17,122.53,358159
GOOG,27-10-2023,122.53,122.64,122.31,122.38,363087
GOOG,27-10-2023,122.4,122.71,122.16,122.67,390492
GOOG,27-10-2023,122.66,122.98,122.62,122.97,436487
GOOG,27-10-2023,122.97,123.22,122.85,123.15,480358
GOOG,27-10-2023,123.15,123.36,123.07,123.18,425736
GOOG,27-10-2023,123.17,123.23,122.97,123.01,299480
GOOG,27-10-2023,123.01,123.17,122.95,123.14,252861
GOOG,27-10-2023,123.15,123.2,122.81,122.95,325263
GOOG,27-10-2023,122.94,123.45,122.92,123.25,374134
GOOG,27-10-2023,123.26,123.4,123.15,123.22,276140
GOOG,27-10-2023,123.22,123.22,122.96,123.14,285713
GOOG,27-10-2023,123.14,123.38,123.11,123.23,672220
GOOG,27-10-2023,123.24,123.6,123.2,123.58,222654
GOOG,27-10-2023,123.58,123.85,123.57,123.79,442667
GOOG,27-10-2023,123.8,123.97,123.74,123.92,484998
GOOG,27-10-2023,123.9,123.99,123.41,123.46,327380
GOOG,27-10-2023,123.46,123.75,123.4,123.73,460837
GOOG,27-10-2023,123.72,123.8,123.49,123.55,166384
GOOG,27-10-2023,123.55,123.69,123.25,123.49,202498
GOOG,27-10-2023,123.51,123.58,123.33,123.57,151867
GOOG,27-10-2023,123.57,123.79,123.56,123.76,134894
GOOG,27-10-2023,123.76,123.76,123.38,123.4,173151
GOOG,27-10-2023,123.41,123.44,123.26,123.29,153025
GOOG,27-10-2023,123.3,123.32,123.02,123.2,251087
GOOG,27-10-2023,123.2,123.21,123,123.06,155791
GOOG,27-10-2023,123.06,123.19,122.9,122.96,246406
GOOG,27-10-2023,122.95,122.95,122.46,122.75,403113
GOOG,27-10-2023,122.75,122.96,122.57,122.62,196778
GOOG,27-10-2023,122.63,122.8,122.46,122.68,242755
GOOG,27-10-2023,122.68,122.88,122.61,122.79,139745
GOOG,27-10-2023,122.79,122.87,122.58,122.67,174952
GOOG,27-10-2023,122.67,122.85,122.51,122.84,168662
GOOG,27-10-2023,122.84,122.99,122.65,122.7,215387
GOOG,27-10-2023,122.69,123.01,122.58,122.86,228362
GOOG,27-10-2023,122.86,122.88,122.62,122.69,164255
GOOG,27-10-2023,122.68,122.96,122.64,122.64,163601
GOOG,27-10-2023,122.65,122.82,122.51,122.72,186055
GOOG,27-10-2023,122.73,122.78,122.52,122.58,176171
GOOG,27-10-2023,122.58,122.62,122.31,122.53,298996
GOOG,27-10-2023,122.52,122.77,122.51,122.68,241382
GOOG,27-10-2023,122.67,122.88,122.53,122.61,232909
GOOG,27-10-2023,122.6,122.64,122.46,122.59,241757
GOOG,27-10-2023,122.58,122.71,122.52,122.69,168374
GOOG,27-10-2023,122.71,123.1,122.63,122.9,297891
GOOG,27-10-2023,122.91,123.31,122.88,123.26,293131
GOOG,27-10-2023,123.25,123.36,123.16,123.27,184754
GOOG,27-10-2023,123.28,123.29,123.04,123.08,259268
GOOG,27-10-2023,123.08,123.29,122.96,123.18,197288
GOOG,27-10-2023,123.18,123.22,122.88,123.04,241206
GOOG,27-10-2023,123.03,123.14,122.95,123.05,274101
GOOG,27-10-2023,123.03,123.3,123.02,123.22,308100
GOOG,27-10-2023,123.21,123.46,123.15,123.26,348672
GOOG,27-10-2023,123.26,123.46,123.25,123.37,295700
GOOG,27-10-2023,123.37,123.46,123.18,123.33,247891
GOOG,27-10-2023,123.32,123.5,123.3,123.46,307649
GOOG,27-10-2023,123.46,123.5,123.15,123.19,326676
GOOG,27-10-2023,123.19,123.22,122.96,122.97,370289
GOOG,27-10-2023,122.97,123.15,122.92,122.92,394634
GOOG,27-10-2023,122.92,123.02,122.8,122.99,376414
GOOG,27-10-2023,122.99,123.28,122.96,123.28,638676
GOOG,27-10-2023,123.29,123.54,123.26,123.39,1.24026e+06
GOOG,30-10-2023,124.46,124.84,123.88,124.83,1.39079e+06
GOOG,30-10-2023,124.83,125.16,124.68,125.13,573701
GOOG,30-10-2023,125.15,125.47,125.03,125.46,543026
GOOG,30-10-2023,125.46,125.83,125.43,125.82,606049
GOOG,30-10-2023,125.83,126.21,125.83,125.92,613559
GOOG,30-10-2023,125.93,126.31,125.8,126.3,519074
GOOG,30-10-2023,126.31,126.55,125.98,125.99,515550
GOOG,30-10-2023,125.98,126.49,125.92,126.31,379107
GOOG,30-10-2023,126.32,126.35,125.45,125.5,420766
GOOG,30-10-2023,125.51,125.53,124.89,124.94,420362
GOOG,30-10-2023,124.96,124.99,124.6,124.86,285415
GOOG,30-10-2023,124.86,124.98,124.75,124.93,347513
GOOG,30-10-2023,124.93,125.19,124.82,125.15,349743
GOOG,30-10-2023,125.17,125.37,125.07,125.26,258604
GOOG,30-10-2023,125.29,125.6,125.05,125.05,261263
GOOG,30-10-2023,125.05,125.49,125,125.39,407606
GOOG,30-10-2023,125.38,125.77,125.38,125.68,299886
GOOG,30-10-2023,125.69,125.74,125.42,125.59,304627
GOOG,30-10-2023,125.59,125.95,125.59,125.81,232073
GOOG,30-10-2023,125.81,126.05,125.66,125.75,286378
GOOG,30-10-2023,125.74,125.93,125.46,125.46,266453
GOOG,30-10-2023,125.47,125.62,125.36,125.55,706813
GOOG,30-10-2023,125.56,125.71,125.22,125.38,310585
GOOG,30-10-2023,125.37,125.53,125.32,125.51,221984
GOOG,30-10-2023,125.52,125.75,125.49,125.73,254293
GOOG,30-10-2023,125.75,125.89,125.54,125.54,226941
GOOG,30-10-2023,125.54,125.79,125.47,125.79,266308
GOOG,30-10-2023,125.79,125.92,125.6,125.69,241122
GOOG,30-10-2023,125.7,125.93,125.68,125.88,167114
GOOG,30-10-2023,125.88,125.98,125.72,125.92,186574
GOOG,30-10-2023,125.89,125.98,125.81,125.9,137595
GOOG,30-10-2023,125.9,125.94,125.69,125.79,152096
GOOG,30-10-2023,125.8,126.02,125.76,125.92,187487
GOOG,30-10-2023,125.92,126.04,125.62,125.66,146235
GOOG,30-10-2023,125.66,125.68,125.5,125.56,136964
GOOG,30-10-2023,125.57,125.7,125.5,125.54,155948
GOOG,30-10-2023,125.53,125.71,125.51,125.7,164104
GOOG,30-10-2023,125.71,125.85,125.66,125.7,173753
GOOG,30-10-2023,125.7,125.71,125.4,125.5,151522
GOOG,30-10-2023,125.5,125.55,125.37,125.55,145520
GOOG,30-10-2023,125.54,125.59,125.29,125.3,168914
GOOG,30-10-2023,125.31,125.48,125.22,125.48,181799
GOOG,30-10-2023,125.49,125.61,125.37,125.56,164967
GOOG,30-10-2023,125.56,125.65,125.53,125.63,127524
GOOG,30-10-2023,125.63,125.68,125.43,125.44,124419
GOOG,30-10-2023,125.45,125.63,125.45,125.58,237399
GOOG,30-10-2023,125.59,125.86,125.5,125.86,191607
GOOG,30-10-2023,125.84,126.19,125.77,126.18,295043
GOOG,30-10-2023,126.2,126.4,126.08,126.11,219318
GOOG,30-10-2023,126.11,126.12,125.94,125.96,224874
GOOG,30-10-2023,125.96,126.14,125.91,126.08,130397
GOOG,30-10-2023,126.08,126.14,125.99,126.12,127057
GOOG,30-10-2023,126.13,126.28,126.1,126.22,150025
GOOG,30-10-2023,126.22,126.42,126.15,126.41,173237
GOOG,30-10-2023,126.41,126.44,126.23,126.29,158891
GOOG,30-10-2023,126.29,126.31,126.13,126.17,131660
GOOG,30-10-2023,126.16,126.26,126.11,126.11,100971
GOOG,30-10-2023,126.11,126.16,126,126.08,132123
GOOG,30-10-2023,126.08,126.17,126,126.13,137054
GOOG,30-10-2023,126.12,126.12,125.97,126.01,114843
GOOG,30-10-2023,126,126.15,125.99,126.11,141877
GOOG,30-10-2023,126.11,126.27,126.08,126.18,136862
GOOG,30-10-2023,126.19,126.25,126.14,126.25,121889
GOOG,30-10-2023,126.25,126.27,126.15,126.23,146789
GOOG,30-10-2023,126.23,126.28,126.12,126.14,130009
GOOG,30-10-2023,126.13,126.15,126.04,126.07,145422
GOOG,30-10-2023,126.08,126.24,125.92,126.09,200705
GOOG,30-10-2023,126.08,126.17,126,126.04,153543
GOOG,30-10-2023,126.03,126.08,125.92,126.05,155951
GOOG,30-10-2023,126.04,126.11,125.98,126.1,165297
GOOG,30-10-2023,126.11,126.44,126.04,126.42,294729
GOOG,30-10-2023,126.42,126.43,126.13,126.18,181217
GOOG,30-10-2023,126.18,126.26,126.14,126.16,187164
GOOG,30-10-2023,126.16,126.24,126.11,126.13,237201
GOOG,30-10-2023,126.12,126.13,125.89,125.89,275778
GOOG,30-10-2023,125.89,125.89,125.69,125.73,336884
GOOG,30-10-2023,125.72,125.84,125.61,125.84,557199
GOOG,30-10-2023,125.84,125.89,125.67,125.75,998850
GOOG,31-10-2023,126.27,126.56,125.6,125.64,1.26694e+06
GOOG,31-10-2023,125.63,125.69,125.19,125.62,431010
GOOG,31-10-2023,125.61,125.65,125.15,125.16,411511
GOOG,31-10-2023,125.16,125.51,125.15,125.39,255648
GOOG,31-10-2023,125.39,125.48,124.97,125.18,288022
GOOG,31-10-2023,125.17,125.25,124.89,125.16,184023
GOOG,31-10-2023,125.15,125.59,125.12,125.45,269330
GOOG,31-10-2023,125.44,126.06,125.44,126.05,325315
GOOG,31-10-2023,126.05,126.15,125.68,125.75,370003
GOOG,31-10-2023,125.75,125.88,125.57,125.61,210032
GOOG,31-10-2023,125.6,125.79,125.44,125.45,210375
GOOG,31-10-2023,125.46,125.53,125.22,125.33,221388
GOOG,31-10-2023,125.32,125.36,125.09,125.14,175084
GOOG,31-10-2023,125.13,125.19,124.66,124.68,266243
GOOG,31-10-2023,124.66,125.11,124.6,125.07,372241
GOOG,31-10-2023,125.06,125.11,124.62,124.68,240730
GOOG,31-10-2023,124.68,125.17,124.67,125.05,316222
GOOG,31-10-2023,125.05,125.09,124.66,124.72,210749
GOOG,31-10-2023,124.72,124.94,124.64,124.75,254270
GOOG,31-10-2023,124.76,124.98,124.69,124.93,240286
GOOG,31-10-2023,124.94,124.96,124.68,124.87,166102
GOOG,31-10-2023,124.88,125.14,124.79,125.14,206363
GOOG,31-10-2023,125.14,125.16,124.68,124.77,213410
GOOG,31-10-2023,124.78,124.92,124.42,124.46,226603
GOOG,31-10-2023,124.46,124.74,124.37,124.74,209664
GOOG,31-10-2023,124.73,124.78,124.54,124.61,141194
GOOG,31-10-2023,124.61,124.64,124.4,124.56,178869
GOOG,31-10-2023,124.57,124.61,124.4,124.43,163648
GOOG,31-10-2023,124.44,124.56,124.32,124.44,211476
GOOG,31-10-2023,124.46,124.65,124.45,124.56,254424
GOOG,31-10-2023,124.54,124.56,124.19,124.21,245086
GOOG,31-10-2023,124.21,124.36,124.18,124.36,156484
GOOG,31-10-2023,124.34,124.42,124.05,124.06,223706
GOOG,31-10-2023,124.06,124.15,123.93,124.08,352058
GOOG,31-10-2023,124.1,124.3,124.07,124.24,176561
GOOG,31-10-2023,124.24,124.32,124.18,124.28,171721
GOOG,31-10-2023,124.27,124.49,124.26,124.38,167092
GOOG,31-10-2023,124.37,124.5,124.1,124.5,217196
GOOG,31-10-2023,124.5,124.56,124.32,124.47,217374
GOOG,31-10-2023,124.47,124.52,124.39,124.51,163382
GOOG,31-10-2023,124.51,124.51,124.28,124.39,213619
GOOG,31-10-2023,124.38,124.57,124.37,124.5,145657
GOOG,31-10-2023,124.5,124.55,124.34,124.37,168180
GOOG,31-10-2023,124.36,124.57,124.35,124.55,197274
GOOG,31-10-2023,124.54,124.54,124.24,124.44,215492
GOOG,31-10-2023,124.45,124.53,124.4,124.45,141012
GOOG,31-10-2023,124.46,124.57,124.44,124.44,94865
GOOG,31-10-2023,124.42,124.5,124.37,124.48,140728
GOOG,31-10-2023,124.49,124.58,124.42,124.56,155300
GOOG,31-10-2023,124.56,124.6,124.43,124.52,95616
GOOG,31-10-2023,124.47,124.82,124.47,124.76,258959
GOOG,31-10-2023,124.76,124.84,124.7,124.8,135607
GOOG,31-10-2023,124.81,124.95,124.75,124.92,129845
GOOG,31-10-2023,124.88,124.93,124.82,124.83,189586
GOOG,31-10-2023,124.84,124.95,124.81,124.91,176147
GOOG,31-10-2023,124.9,125.06,124.84,125.05,171156
GOOG,31-10-2023,125.06,125.07,124.84,124.88,143671
GOOG,31-10-2023,124.87,124.94,124.74,124.8,240452
GOOG,31-10-2023,124.79,124.82,124.71,124.79,128940
GOOG,31-10-2023,124.78,124.78,124.64,124.67,117709
GOOG,31-10-2023,124.67,124.78,124.6,124.75,112717
GOOG,31-10-2023,124.74,124.82,124.66,124.76,93922
GOOG,31-10-2023,124.76,124.92,124.73,124.88,134700
GOOG,31-10-2023,124.87,125.13,124.87,125.02,163696
GOOG,31-10-2023,125.02,125.06,124.92,124.96,160302
GOOG,31-10-2023,124.95,125.07,124.94,125.01,143908
GOOG,31-10-2023,125.01,125.14,124.99,125.09,180528
GOOG,31-10-2023,125.08,125.16,124.98,125.15,177659
GOOG,31-10-2023,125.15,125.23,125.13,125.15,189786
GOOG,31-10-2023,125.15,125.2,125.04,125.18,185380
GOOG,31-10-2023,125.18,125.2,125.06,125.07,230436
GOOG,31-10-2023,125.07,125.21,125.06,125.15,238177
GOOG,31-10-2023,125.14,125.19,125.04,125.13,211323
GOOG,31-10-2023,125.13,125.27,125.11,125.14,312652
GOOG,31-10-2023,125.16,125.27,125.1,125.25,247599
GOOG,31-10-2023,125.24,125.32,125.2,125.24,328056
GOOG,31-10-2023,125.24,125.35,125.11,125.16,497571
GOOG,31-10-2023,125.17,125.41,125.17,125.28,859705
GOOG,01-11-2023,125.34,125.83,124.93,125.71,864192
GOOG,01-11-2023,125.72,126.14,125.6,126.14,363685
GOOG,01-11-2023,126.14,126.51,126.02,126.42,338049
GOOG,01-11-2023,126.43,126.77,126.27,126.6,403114
GOOG,01-11-2023,126.6,126.84,126.44,126.73,456544
GOOG,01-11-2023,126.7,126.76,126.25,126.3,374711
GOOG,01-11-2023,126.31,126.61,126.16,126.32,558534
GOOG,01-11-2023,126.31,126.41,125.87,125.9,363038
GOOG,01-11-2023,125.9,126.07,125.8,126.07,657098
GOOG,01-11-2023,126.07,126.25,126.04,126.1,288457
GOOG,01-11-2023,126.1,126.76,126.06,126.73,434580
GOOG,01-11-2023,126.72,126.83,126.34,126.35,680259
GOOG,01-11-2023,126.36,126.48,126.18,126.43,433742
GOOG,01-11-2023,126.43,126.5,126.3,126.48,234996
GOOG,01-11-2023,126.49,126.56,126.29,126.55,922232
GOOG,01-11-2023,126.56,126.58,126.31,126.47,193289
GOOG,01-11-2023,126.47,126.63,126.38,126.53,165119
GOOG,01-11-2023,126.54,126.7,126.53,126.65,192485
GOOG,01-11-2023,126.66,126.85,126.61,126.81,155600
GOOG,01-11-2023,126.8,126.81,126.57,126.7,151473
GOOG,01-11-2023,126.71,126.72,126.22,126.4,253714
GOOG,01-11-2023,126.4,126.45,126.27,126.37,228626
GOOG,01-11-2023,126.37,126.38,126.07,126.14,191094
GOOG,01-11-2023,126.15,126.26,126.1,126.24,91960
GOOG,01-11-2023,126.24,126.27,126.1,126.17,113547
GOOG,01-11-2023,126.17,126.31,126.14,126.26,145453
GOOG,01-11-2023,126.25,126.39,126.1,126.39,173105
GOOG,01-11-2023,126.38,126.49,126.32,126.35,133483
GOOG,01-11-2023,126.33,126.4,126.16,126.27,137491
GOOG,01-11-2023,126.26,126.38,126.18,126.19,781110
GOOG,01-11-2023,126.19,126.28,126.15,126.22,104382
GOOG,01-11-2023,126.22,126.3,126.13,126.22,151776
GOOG,01-11-2023,126.22,126.29,126.07,126.18,84881
GOOG,01-11-2023,126.18,126.22,126.01,126.09,107734
GOOG,01-11-2023,126.08,126.2,126.05,126.13,94693
GOOG,01-11-2023,126.14,126.22,126.08,126.18,81525
GOOG,01-11-2023,126.19,126.29,126.15,126.15,88040
GOOG,01-11-2023,126.17,126.21,126.07,126.09,106141
GOOG,01-11-2023,126.09,126.09,125.91,126.03,106901
GOOG,01-11-2023,126.03,126.14,125.96,126.11,124475
GOOG,01-11-2023,126.04,126.13,126.02,126.03,96069
GOOG,01-11-2023,126.04,126.11,126,126,102820
GOOG,01-11-2023,126,126.04,125.91,125.93,89142
GOOG,01-11-2023,125.92,126.13,125.92,126.02,99704
GOOG,01-11-2023,126.02,126.24,126.02,126.16,117888
GOOG,01-11-2023,126.15,126.2,126.07,126.17,207900
GOOG,01-11-2023,126.17,126.21,126.1,126.11,134359
GOOG,01-11-2023,126.12,126.17,126.03,126.11,108405
GOOG,01-11-2023,126.1,126.14,125.97,126,289551
GOOG,01-11-2023,126,126.09,125.97,126.08,96200
GOOG,01-11-2023,126.08,126.17,126.03,126.1,402651
GOOG,01-11-2023,126.09,126.09,126,126.08,83092
GOOG,01-11-2023,126.08,126.26,126.07,126.19,200110
GOOG,01-11-2023,126.19,126.27,126.14,126.22,81319
GOOG,01-11-2023,126.23,126.58,126.2,126.49,425991
GOOG,01-11-2023,126.49,126.61,126.39,126.5,188481
GOOG,01-11-2023,126.5,126.64,126.43,126.5,194136
GOOG,01-11-2023,126.51,126.76,126.44,126.7,195389
GOOG,01-11-2023,126.69,126.86,126.69,126.84,185756
GOOG,01-11-2023,126.83,126.89,126.7,126.83,243797
GOOG,01-11-2023,126.82,127.34,126.82,127.32,480802
GOOG,01-11-2023,127.32,127.47,126.77,126.86,720567
GOOG,01-11-2023,126.87,126.95,126.31,126.47,516570
GOOG,01-11-2023,126.47,126.79,126.34,126.58,464274
GOOG,01-11-2023,126.55,126.97,126.54,126.78,342157
GOOG,01-11-2023,126.79,127.32,126.78,127.14,320956
GOOG,01-11-2023,127.14,127.64,127.14,127.53,447115
GOOG,01-11-2023,127.55,127.59,127.35,127.49,289456
GOOG,01-11-2023,127.5,127.71,127.29,127.33,350618
GOOG,01-11-2023,127.32,127.61,127.3,127.48,384520
GOOG,01-11-2023,127.5,127.68,127.4,127.67,425220
GOOG,01-11-2023,127.67,127.72,127.39,127.5,404780
GOOG,01-11-2023,127.49,127.74,127.44,127.65,445043
GOOG,01-11-2023,127.67,127.7,127.56,127.62,270945
GOOG,01-11-2023,127.62,127.65,127.51,127.53,301751
GOOG,01-11-2023,127.52,127.62,127.46,127.48,282968
GOOG,01-11-2023,127.47,127.57,127.32,127.53,595191
GOOG,01-11-2023,127.53,127.67,127.5,127.61,772546
GOOG,02-11-2023,129.56,130.09,129.49,129.64,2.15846e+06
GOOG,02-11-2023,129.65,129.66,129.15,129.53,790646
GOOG,02-11-2023,129.54,129.54,129.14,129.29,528155
GOOG,02-11-2023,129.29,129.3,128.83,128.84,546382
GOOG,02-11-2023,128.84,129,128.73,128.8,380865
GOOG,02-11-2023,128.8,129.06,128.8,128.95,499798
GOOG,02-11-2023,128.94,129.25,128.76,128.79,347327
GOOG,02-11-2023,128.77,128.85,128.51,128.53,248631
GOOG,02-11-2023,128.53,128.6,128.21,128.35,335138
GOOG,02-11-2023,128.35,128.56,128.34,128.55,287011
GOOG,02-11-2023,128.54,128.71,128.42,128.43,359475
GOOG,02-11-2023,128.43,128.65,128.43,128.53,210580
GOOG,02-11-2023,128.54,128.66,128.45,128.5,259560
GOOG,02-11-2023,128.51,128.76,128.44,128.72,205274
GOOG,02-11-2023,128.72,128.9,128.68,128.9,291663
GOOG,02-11-2023,128.9,128.9,128.74,128.79,196949
GOOG,02-11-2023,128.79,128.98,128.65,128.65,208044
GOOG,02-11-2023,128.65,128.78,128.65,128.69,141295
GOOG,02-11-2023,128.69,128.73,128.42,128.63,185974
GOOG,02-11-2023,128.64,128.67,128.46,128.51,153564
GOOG,02-11-2023,128.5,128.63,128.45,128.48,152131
GOOG,02-11-2023,128.48,128.57,128.26,128.52,221932
GOOG,02-11-2023,128.51,128.7,128.47,128.62,146940
GOOG,02-11-2023,128.62,128.63,128.47,128.51,85225
GOOG,02-11-2023,128.51,128.64,128.41,128.63,167701
GOOG,02-11-2023,128.63,128.86,128.62,128.73,260646
GOOG,02-11-2023,128.75,128.86,128.66,128.68,150055
GOOG,02-11-2023,128.7,128.75,128.49,128.51,139217
GOOG,02-11-2023,128.51,128.63,128.25,128.38,179137
GOOG,02-11-2023,128.38,128.59,128.29,128.57,174623
GOOG,02-11-2023,128.57,128.67,128.51,128.65,153420
GOOG,02-11-2023,128.66,128.68,128.41,128.49,128546
GOOG,02-11-2023,128.48,128.69,128.43,128.61,125848
GOOG,02-11-2023,128.61,128.7,128.42,128.5,138438
GOOG,02-11-2023,128.49,128.64,128.39,128.53,174110
GOOG,02-11-2023,128.53,128.63,128.4,128.51,128662
GOOG,02-11-2023,128.51,128.51,128.16,128.45,182242
GOOG,02-11-2023,128.44,128.6,128.41,128.57,127083
GOOG,02-11-2023,128.56,128.69,128.51,128.54,250702
GOOG,02-11-2023,128.54,128.59,128.45,128.51,157781
GOOG,02-11-2023,128.51,128.63,128.47,128.57,119264
GOOG,02-11-2023,128.59,128.64,128.42,128.43,119373
GOOG,02-11-2023,128.43,128.43,128.11,128.34,219562
GOOG,02-11-2023,128.32,128.48,128.3,128.46,94570
GOOG,02-11-2023,128.45,128.45,128.34,128.4,143831
GOOG,02-11-2023,128.4,128.47,128.33,128.43,115364
GOOG,02-11-2023,128.42,128.58,128.4,128.58,84554
GOOG,02-11-2023,128.57,128.62,128.5,128.56,97843
GOOG,02-11-2023,128.56,128.75,128.56,128.69,137374
GOOG,02-11-2023,128.71,128.84,128.69,128.83,114063
GOOG,02-11-2023,128.83,128.93,128.73,128.91,129558
GOOG,02-11-2023,128.9,128.93,128.78,128.8,107076
GOOG,02-11-2023,128.78,128.9,128.77,128.8,125690
GOOG,02-11-2023,128.8,128.88,128.65,128.79,183347
GOOG,02-11-2023,128.79,128.84,128.71,128.75,115756
GOOG,02-11-2023,128.74,128.81,128.7,128.8,279357
GOOG,02-11-2023,128.8,128.89,128.73,128.87,165370
GOOG,02-11-2023,128.88,128.97,128.87,128.97,105250
GOOG,02-11-2023,128.96,129,128.92,128.99,104764
GOOG,02-11-2023,128.99,129.03,128.94,129,131928
GOOG,02-11-2023,129.01,129.03,128.9,128.96,91424
GOOG,02-11-2023,128.96,129.1,128.95,128.97,143124
GOOG,02-11-2023,128.98,129.11,128.96,129.01,101672
GOOG,02-11-2023,129.01,129.09,128.8,128.84,203651
GOOG,02-11-2023,128.84,128.87,128.76,128.83,97983
GOOG,02-11-2023,128.83,128.88,128.74,128.82,93518
GOOG,02-11-2023,128.82,128.84,128.68,128.74,166566
GOOG,02-11-2023,128.74,128.84,128.73,128.76,150716
GOOG,02-11-2023,128.76,128.85,128.71,128.74,144639
GOOG,02-11-2023,128.75,128.77,128.64,128.65,143464
GOOG,02-11-2023,128.65,128.68,128.62,128.62,178766
GOOG,02-11-2023,128.62,128.67,128.59,128.6,170279
GOOG,02-11-2023,128.6,128.67,128.57,128.63,224822
GOOG,02-11-2023,128.63,128.7,128.57,128.7,213792
GOOG,02-11-2023,128.71,128.87,128.7,128.76,435418
GOOG,02-11-2023,128.76,128.76,128.65,128.73,445933
GOOG,02-11-2023,128.71,128.75,128.54,128.65,430328
GOOG,02-11-2023,128.65,128.65,128.44,128.6,879571
GOOG,03-11-2023,129.09,129.74,129.08,129.41,1.04361e+06
GOOG,03-11-2023,129.43,129.57,129.01,129.02,318892
GOOG,03-11-2023,129.05,129.6,129.02,129.58,277274
GOOG,03-11-2023,129.59,130.13,129.57,129.66,490665
GOOG,03-11-2023,129.67,129.75,129.48,129.62,306852
GOOG,03-11-2023,129.64,129.92,129.62,129.78,287731
GOOG,03-11-2023,129.77,130.03,129.45,129.46,392769
GOOG,03-11-2023,129.49,129.51,129.24,129.32,217022
GOOG,03-11-2023,129.31,129.59,129.26,129.46,169682
GOOG,03-11-2023,129.46,129.79,129.31,129.73,174677
GOOG,03-11-2023,129.72,129.77,129.54,129.62,211338
GOOG,03-11-2023,129.63,129.68,129.25,129.52,235576
GOOG,03-11-2023,129.52,129.91,129.51,129.57,205784
GOOG,03-11-2023,129.58,129.9,129.51,129.76,182431
GOOG,03-11-2023,129.77,129.88,129.7,129.8,330509
GOOG,03-11-2023,129.82,129.89,129.75,129.84,207377
GOOG,03-11-2023,129.84,129.91,129.7,129.88,342349
GOOG,03-11-2023,129.87,130.26,129.87,130.18,350535
GOOG,03-11-2023,130.18,130.34,130.13,130.17,252712
GOOG,03-11-2023,130.16,130.33,130.13,130.16,224146
GOOG,03-11-2023,130.17,130.27,129.98,130.14,217564
GOOG,03-11-2023,130.14,130.24,130.11,130.14,132589
GOOG,03-11-2023,130.16,130.34,130.14,130.28,165781
GOOG,03-11-2023,130.28,130.42,130.27,130.38,233330
GOOG,03-11-2023,130.39,130.58,130.36,130.55,251808
GOOG,03-11-2023,130.56,130.65,130.45,130.46,133746
GOOG,03-11-2023,130.46,130.59,130.38,130.58,185525
GOOG,03-11-2023,130.57,130.64,130.48,130.57,163243
GOOG,03-11-2023,130.57,130.7,130.55,130.62,220214
GOOG,03-11-2023,130.61,130.73,130.58,130.62,164687
GOOG,03-11-2023,130.64,130.65,130.39,130.43,139646
GOOG,03-11-2023,130.42,130.53,130.37,130.48,269088
GOOG,03-11-2023,130.47,130.55,130.41,130.55,121094
GOOG,03-11-2023,130.56,130.67,130.53,130.63,142144
GOOG,03-11-2023,130.63,130.67,130.5,130.51,121928
GOOG,03-11-2023,130.51,130.57,130.43,130.43,156661
GOOG,03-11-2023,130.44,130.54,130.42,130.45,145929
GOOG,03-11-2023,130.44,130.53,130.41,130.44,112417
GOOG,03-11-2023,130.44,130.47,130.27,130.31,122650
GOOG,03-11-2023,130.3,130.45,130.24,130.24,165931
GOOG,03-11-2023,130.24,130.36,130.21,130.21,93201
GOOG,03-11-2023,130.21,130.26,130.16,130.21,118289
GOOG,03-11-2023,130.2,130.28,130.1,130.2,102447
GOOG,03-11-2023,130.21,130.24,130.04,130.1,157433
GOOG,03-11-2023,130.09,130.11,129.9,129.9,154652
GOOG,03-11-2023,129.91,130,129.79,129.84,161259
GOOG,03-11-2023,129.85,129.86,129.66,129.72,132848
GOOG,03-11-2023,129.73,129.84,129.68,129.84,140123
GOOG,03-11-2023,129.83,130.05,129.83,130.05,155847
GOOG,03-11-2023,130.05,130.07,129.94,130.04,130063
GOOG,03-11-2023,130.04,130.04,129.91,129.98,72348
GOOG,03-11-2023,129.98,130.07,129.96,130.02,148843
GOOG,03-11-2023,130.02,130.02,129.87,129.89,141382
GOOG,03-11-2023,129.89,130.09,129.89,130.02,144113
GOOG,03-11-2023,130.03,130.09,129.92,130.07,126529
GOOG,03-11-2023,130.07,130.15,129.94,130.12,143746
GOOG,03-11-2023,130.12,130.29,130.09,130.21,204340
GOOG,03-11-2023,130.21,130.34,130.2,130.26,115031
GOOG,03-11-2023,130.26,130.31,130.16,130.17,115320
GOOG,03-11-2023,130.17,130.32,130.16,130.32,93895
GOOG,03-11-2023,130.32,130.33,130.19,130.26,97060
GOOG,03-11-2023,130.27,130.31,130.2,130.3,106974
GOOG,03-11-2023,130.3,130.37,130.23,130.28,141558
GOOG,03-11-2023,130.27,130.36,130.24,130.32,122282
GOOG,03-11-2023,130.32,130.34,130.25,130.28,119643
GOOG,03-11-2023,130.28,130.31,130.22,130.27,90398
GOOG,03-11-2023,130.27,130.38,130.23,130.37,108002
GOOG,03-11-2023,130.37,130.42,130.28,130.29,232505
GOOG,03-11-2023,130.29,130.35,130.2,130.32,176686
GOOG,03-11-2023,130.32,130.33,130.26,130.31,134453
GOOG,03-11-2023,130.31,130.34,130.26,130.27,145256
GOOG,03-11-2023,130.27,130.33,130.24,130.29,211803
GOOG,03-11-2023,130.29,130.35,130.18,130.32,266636
GOOG,03-11-2023,130.32,130.46,130.31,130.46,193986
GOOG,03-11-2023,130.46,130.48,130.33,130.36,290141
GOOG,03-11-2023,130.36,130.47,130.28,130.28,319660
GOOG,03-11-2023,130.29,130.5,130.29,130.46,453651
GOOG,03-11-2023,130.45,130.49,130.34,130.37,536677
GOOG,06-11-2023,130.22,130.67,129.95,130.01,1.14113e+06
GOOG,06-11-2023,129.99,130.93,129.93,130.85,406840
GOOG,06-11-2023,130.88,131.29,130.8,131.11,437044
GOOG,06-11-2023,131.12,131.24,130.6,130.91,443120
GOOG,06-11-2023,130.93,131.01,130.66,130.73,334831
GOOG,06-11-2023,130.76,131.01,130.68,130.77,169982
GOOG,06-11-2023,130.78,130.94,130.3,130.46,268304
GOOG,06-11-2023,130.46,130.74,130.37,130.68,175309
GOOG,06-11-2023,130.71,130.71,130.34,130.35,161439
GOOG,06-11-2023,130.34,130.85,130.34,130.82,248292
GOOG,06-11-2023,130.84,130.94,130.77,130.81,161548
GOOG,06-11-2023,130.8,130.86,130.71,130.86,136579
GOOG,06-11-2023,130.86,131.04,130.78,130.88,167544
GOOG,06-11-2023,130.87,131.07,130.79,131.07,131209
GOOG,06-11-2023,131.08,131.12,130.87,130.88,156513
GOOG,06-11-2023,130.89,130.91,130.73,130.84,156856
GOOG,06-11-2023,130.83,131.04,130.76,130.79,167637
GOOG,06-11-2023,130.81,130.95,130.8,130.81,94286
GOOG,06-11-2023,130.82,130.95,130.77,130.9,150697
GOOG,06-11-2023,130.92,131.12,130.9,131.1,106131
GOOG,06-11-2023,131.08,131.08,130.86,131,94013
GOOG,06-11-2023,130.99,131.02,130.92,131.02,74716
GOOG,06-11-2023,131.02,131.06,130.84,130.87,100071
GOOG,06-11-2023,130.87,130.92,130.79,130.84,114194
GOOG,06-11-2023,130.84,130.98,130.84,130.96,77219
GOOG,06-11-2023,130.96,131,130.76,130.79,95435
GOOG,06-11-2023,130.79,130.87,130.79,130.79,120238
GOOG,06-11-2023,130.79,130.85,130.68,130.81,86849
GOOG,06-11-2023,130.82,130.98,130.81,130.94,100083
GOOG,06-11-2023,130.94,131.07,130.91,131.04,83515
GOOG,06-11-2023,131.04,131.04,130.9,130.95,93757
GOOG,06-11-2023,130.95,130.98,130.84,130.98,128925
GOOG,06-11-2023,130.99,130.99,130.84,130.86,51355
GOOG,06-11-2023,130.86,130.93,130.82,130.83,68544
GOOG,06-11-2023,130.83,130.92,130.8,130.82,75265
GOOG,06-11-2023,130.83,130.88,130.76,130.86,75093
GOOG,06-11-2023,130.85,130.96,130.82,130.88,89528
GOOG,06-11-2023,130.87,130.9,130.75,130.77,57601
GOOG,06-11-2023,130.78,130.87,130.74,130.76,78999
GOOG,06-11-2023,130.75,130.82,130.69,130.74,87323
GOOG,06-11-2023,130.74,130.91,130.72,130.91,119364
GOOG,06-11-2023,130.9,130.98,130.89,130.96,70050
GOOG,06-11-2023,130.97,130.98,130.87,130.94,103982
GOOG,06-11-2023,130.95,130.98,130.77,130.8,79133
GOOG,06-11-2023,130.8,130.83,130.71,130.76,63833
GOOG,06-11-2023,130.77,130.86,130.59,130.61,150238
GOOG,06-11-2023,130.62,130.69,130.46,130.68,273550
GOOG,06-11-2023,130.67,130.67,130.57,130.63,85725
GOOG,06-11-2023,130.63,130.78,130.6,130.77,88715
GOOG,06-11-2023,130.78,130.9,130.77,130.85,98018
GOOG,06-11-2023,130.85,130.86,130.76,130.81,97199
GOOG,06-11-2023,130.81,130.84,130.64,130.83,119620
GOOG,06-11-2023,130.84,130.94,130.8,130.89,88943
GOOG,06-11-2023,130.88,130.94,130.83,130.91,84840
GOOG,06-11-2023,130.9,130.91,130.8,130.89,93917
GOOG,06-11-2023,130.89,130.91,130.78,130.8,140519
GOOG,06-11-2023,130.79,130.9,130.74,130.77,112307
GOOG,06-11-2023,130.77,130.98,130.76,130.93,125939
GOOG,06-11-2023,130.92,130.95,130.86,130.87,53937
GOOG,06-11-2023,130.87,130.9,130.78,130.88,55950
GOOG,06-11-2023,130.87,130.96,130.83,130.93,81583
GOOG,06-11-2023,130.92,130.98,130.9,130.93,119042
GOOG,06-11-2023,130.92,131.12,130.86,131.1,211090
GOOG,06-11-2023,131.1,131.15,131.04,131.1,105528
GOOG,06-11-2023,131.09,131.35,131.09,131.32,148665
GOOG,06-11-2023,131.32,131.32,131.16,131.2,108381
GOOG,06-11-2023,131.2,131.22,131.12,131.17,96722
GOOG,06-11-2023,131.18,131.18,131.05,131.12,136789
GOOG,06-11-2023,131.12,131.29,131.1,131.25,129074
GOOG,06-11-2023,131.25,131.26,131.18,131.25,95848
GOOG,06-11-2023,131.25,131.26,131.14,131.26,104221
GOOG,06-11-2023,131.26,131.32,131.21,131.3,95172
GOOG,06-11-2023,131.3,131.37,131.21,131.3,128337
GOOG,06-11-2023,131.3,131.31,131.23,131.27,96688
GOOG,06-11-2023,131.26,131.43,131.16,131.4,208154
GOOG,06-11-2023,131.4,131.42,131.23,131.31,202989
GOOG,06-11-2023,131.3,131.38,131.21,131.37,342878
GOOG,06-11-2023,131.36,131.56,131.28,131.49,759562
GOOG,07-11-2023,131.98,132.16,131.28,131.43,904207
GOOG,07-11-2023,131.42,131.48,131.14,131.46,257326
GOOG,07-11-2023,131.48,132,131.48,131.82,485814
GOOG,07-11-2023,131.83,131.94,131.62,131.8,226845
GOOG,07-11-2023,131.82,131.93,131.72,131.92,163528
GOOG,07-11-2023,131.93,132.03,131.83,131.98,151948
GOOG,07-11-2023,131.98,132.26,131.69,131.82,298068
GOOG,07-11-2023,131.81,131.87,131.62,131.63,256881
GOOG,07-11-2023,131.62,131.88,131.56,131.86,292121
GOOG,07-11-2023,131.86,131.9,131.57,131.84,238374
GOOG,07-11-2023,131.86,131.99,131.83,131.96,216734
GOOG,07-11-2023,131.93,132.2,131.84,132.18,242324
GOOG,07-11-2023,132.18,132.28,132.16,132.21,153245
GOOG,07-11-2023,132.2,132.25,132.13,132.24,167348
GOOG,07-11-2023,132.24,132.49,132.23,132.41,216879
GOOG,07-11-2023,132.41,132.6,132.35,132.59,176054
GOOG,07-11-2023,132.6,132.71,132.52,132.69,172637
GOOG,07-11-2023,132.69,132.87,132.68,132.78,301585
GOOG,07-11-2023,132.79,132.86,132.6,132.81,160321
GOOG,07-11-2023,132.82,132.96,132.79,132.81,164346
GOOG,07-11-2023,132.83,132.98,132.76,132.82,173118
GOOG,07-11-2023,132.82,132.82,132.62,132.7,117258
GOOG,07-11-2023,132.69,132.75,132.52,132.55,127915
GOOG,07-11-2023,132.56,132.68,132.55,132.67,121850
GOOG,07-11-2023,132.67,132.69,132.52,132.64,133812
GOOG,07-11-2023,132.63,132.72,132.59,132.65,95518
GOOG,07-11-2023,132.65,132.76,132.61,132.69,97465
GOOG,07-11-2023,132.68,132.71,132.34,132.4,221306
GOOG,07-11-2023,132.41,132.6,132.36,132.58,131143
GOOG,07-11-2023,132.58,132.62,132.52,132.54,94957
GOOG,07-11-2023,132.54,132.54,132.31,132.38,147984
GOOG,07-11-2023,132.39,132.46,132.35,132.43,105741
GOOG,07-11-2023,132.43,132.49,132.38,132.45,59962
GOOG,07-11-2023,132.45,132.45,132.31,132.34,230171
GOOG,07-11-2023,132.36,132.5,132.31,132.41,1.33794e+06
GOOG,07-11-2023,132.42,132.47,132.33,132.36,97468
GOOG,07-11-2023,132.37,132.45,132.29,132.4,188672
GOOG,07-11-2023,132.41,132.51,132.38,132.49,129929
GOOG,07-11-2023,132.49,132.52,132.41,132.47,91696
GOOG,07-11-2023,132.47,132.62,132.39,132.39,166514
GOOG,07-11-2023,132.4,132.54,132.35,132.38,85450
GOOG,07-11-2023,132.38,132.51,132.34,132.51,90535
GOOG,07-11-2023,132.51,132.63,132.46,132.6,102954
GOOG,07-11-2023,132.61,132.64,132.57,132.6,120805
GOOG,07-11-2023,132.61,132.77,132.56,132.74,136439
GOOG,07-11-2023,132.75,132.87,132.73,132.82,137334
GOOG,07-11-2023,132.81,132.86,132.67,132.85,131211
GOOG,07-11-2023,132.85,132.96,132.83,132.92,152510
GOOG,07-11-2023,132.92,133.12,132.92,133.01,213838
GOOG,07-11-2023,133.01,133.17,132.97,133.15,130903
GOOG,07-11-2023,133.14,133.14,132.93,132.96,126584
GOOG,07-11-2023,132.98,133.09,132.98,133.07,101151
GOOG,07-11-2023,133.09,133.1,132.99,132.99,129793
GOOG,07-11-2023,133,133.07,132.98,133.05,154871
GOOG,07-11-2023,133.05,133.15,133.03,133.12,105279
GOOG,07-11-2023,133.11,133.12,133,133.06,90869
GOOG,07-11-2023,133.06,133.09,132.89,132.89,105901
GOOG,07-11-2023,132.9,132.99,132.89,132.98,513300
GOOG,07-11-2023,132.98,132.99,132.93,132.97,139424
GOOG,07-11-2023,132.96,133.06,132.9,132.99,136753
GOOG,07-11-2023,132.99,133.28,132.98,133.24,147954
GOOG,07-11-2023,133.24,133.25,133.05,133.07,115381
GOOG,07-11-2023,133.07,133.07,132.87,132.97,115044
GOOG,07-11-2023,132.96,133.02,132.88,132.9,94719
GOOG,07-11-2023,132.9,132.95,132.79,132.86,111055
GOOG,07-11-2023,132.87,132.96,132.85,132.9,76809
GOOG,07-11-2023,132.92,132.99,132.84,132.84,101183
GOOG,07-11-2023,132.85,132.93,132.77,132.88,166440
GOOG,07-11-2023,132.88,132.98,132.87,132.93,131118
GOOG,07-11-2023,132.93,132.93,132.76,132.88,104439
GOOG,07-11-2023,132.88,132.97,132.77,132.89,272680
GOOG,07-11-2023,132.89,132.89,132.72,132.72,134115
GOOG,07-11-2023,132.72,132.86,132.7,132.8,177415
GOOG,07-11-2023,132.8,132.84,132.7,132.84,197417
GOOG,07-11-2023,132.84,132.97,132.82,132.93,210188
GOOG,07-11-2023,132.93,133.03,132.73,132.85,281358
GOOG,07-11-2023,132.84,132.85,132.35,132.35,533482
GOOG,07-11-2023,132.36,132.49,132.17,132.43,1.17296e+06
GOOG,08-11-2023,132.36,133.18,132.36,133.14,895960
GOOG,08-11-2023,133.15,133.18,132.45,132.71,349037
GOOG,08-11-2023,132.69,132.7,132.35,132.55,253088
GOOG,08-11-2023,132.54,132.71,132.51,132.52,206754
GOOG,08-11-2023,132.52,132.65,132.45,132.59,172542
GOOG,08-11-2023,132.6,132.65,132.36,132.44,170918
GOOG,08-11-2023,132.44,132.53,132.22,132.32,197562
GOOG,08-11-2023,132.31,132.77,132.26,132.73,183465
GOOG,08-11-2023,132.73,132.81,132.54,132.6,186539
GOOG,08-11-2023,132.6,132.61,132.43,132.59,136667
GOOG,08-11-2023,132.6,132.6,132.16,132.38,192216
GOOG,08-11-2023,132.39,132.48,132.32,132.44,173707
GOOG,08-11-2023,132.43,132.58,132.4,132.49,155206
GOOG,08-11-2023,132.47,132.6,132.32,132.54,221674
GOOG,08-11-2023,132.54,132.72,132.42,132.72,210344
GOOG,08-11-2023,132.72,132.8,132.63,132.8,144778
GOOG,08-11-2023,132.77,132.8,132.51,132.54,103665
GOOG,08-11-2023,132.55,132.68,132.49,132.54,143462
GOOG,08-11-2023,132.54,132.6,132.45,132.55,128582
GOOG,08-11-2023,132.55,132.57,132.42,132.51,75260
GOOG,08-11-2023,132.5,132.88,132.5,132.81,226222
GOOG,08-11-2023,132.82,133.1,132.78,132.97,232837
GOOG,08-11-2023,132.98,132.98,132.51,132.68,188452
GOOG,08-11-2023,132.68,132.95,132.66,132.86,105731
GOOG,08-11-2023,132.86,133.06,132.78,133.05,191349
GOOG,08-11-2023,133.06,133.07,132.89,132.93,164659
GOOG,08-11-2023,132.92,133.06,132.8,133.05,119185
GOOG,08-11-2023,133.05,133.08,132.86,132.93,82221
GOOG,08-11-2023,132.93,132.97,132.8,132.95,183222
GOOG,08-11-2023,132.95,132.97,132.74,132.76,88339
GOOG,08-11-2023,132.77,132.86,132.68,132.78,188543
GOOG,08-11-2023,132.79,132.82,132.49,132.53,135532
GOOG,08-11-2023,132.52,132.69,132.49,132.63,106753
GOOG,08-11-2023,132.62,132.68,132.55,132.67,82782
GOOG,08-11-2023,132.67,132.71,132.52,132.67,249632
GOOG,08-11-2023,132.66,132.74,132.59,132.69,100790
GOOG,08-11-2023,132.7,132.74,132.61,132.65,89496
GOOG,08-11-2023,132.64,132.87,132.6,132.86,73291
GOOG,08-11-2023,132.85,132.88,132.68,132.75,85893
GOOG,08-11-2023,132.76,132.81,132.71,132.8,79453
GOOG,08-11-2023,132.8,132.8,132.68,132.71,65581
GOOG,08-11-2023,132.7,132.71,132.58,132.62,67997
GOOG,08-11-2023,132.62,132.9,132.52,132.9,207961
GOOG,08-11-2023,132.88,133.07,132.81,132.93,182897
GOOG,08-11-2023,132.93,132.93,132.68,132.74,110306
GOOG,08-11-2023,132.75,132.76,132.47,132.66,148151
GOOG,08-11-2023,132.66,132.95,132.65,132.83,90259
GOOG,08-11-2023,132.82,132.9,132.8,132.85,73637
GOOG,08-11-2023,132.85,132.98,132.85,132.89,89828
GOOG,08-11-2023,132.89,132.98,132.8,132.88,76946
GOOG,08-11-2023,132.88,132.94,132.86,132.9,45541
GOOG,08-11-2023,132.9,132.95,132.8,132.85,67607
GOOG,08-11-2023,132.85,132.87,132.72,132.81,72484
GOOG,08-11-2023,132.8,132.86,132.71,132.74,67057
GOOG,08-11-2023,132.75,132.98,132.68,132.94,87359
GOOG,08-11-2023,132.94,133.19,132.94,133.19,116360
GOOG,08-11-2023,133.19,133.24,133.08,133.1,111100
GOOG,08-11-2023,133.11,133.24,133.11,133.21,105312
GOOG,08-11-2023,133.2,133.41,133.18,133.4,139367
GOOG,08-11-2023,133.41,133.5,133.37,133.48,149432
GOOG,08-11-2023,133.49,133.54,133.18,133.22,213356
GOOG,08-11-2023,133.21,133.42,133.21,133.41,102407
GOOG,08-11-2023,133.41,133.44,133.23,133.32,85477
GOOG,08-11-2023,133.32,133.33,133.12,133.14,85571
GOOG,08-11-2023,133.13,133.13,133.02,133.1,135447
GOOG,08-11-2023,133.1,133.11,132.91,132.99,119427
GOOG,08-11-2023,132.99,133.08,132.95,133.08,116709
GOOG,08-11-2023,133.08,133.11,133.03,133.04,87179
GOOG,08-11-2023,133.04,133.07,132.88,132.93,123149
GOOG,08-11-2023,132.93,132.94,132.69,132.73,133185
GOOG,08-11-2023,132.73,132.77,132.68,132.71,105075
GOOG,08-11-2023,132.71,132.87,132.69,132.85,159867
GOOG,08-11-2023,132.86,132.89,132.79,132.85,132606
GOOG,08-11-2023,132.86,133.01,132.83,132.99,133744
GOOG,08-11-2023,133,133.33,133,133.3,200627
GOOG,08-11-2023,133.29,133.35,133.16,133.18,241948
GOOG,08-11-2023,133.18,133.34,133.16,133.21,295039
GOOG,08-11-2023,133.2,133.37,133.19,133.24,607335
GOOG,09-11-2023,133.36,133.67,133.21,133.23,727099
GOOG,09-11-2023,133.24,133.32,132.9,132.94,290551
GOOG,09-11-2023,132.94,132.98,132.66,132.84,267494
GOOG,09-11-2023,132.86,133.26,132.81,133.23,230400
GOOG,09-11-2023,133.24,133.46,133.16,133.39,158837
GOOG,09-11-2023,133.4,133.6,133.37,133.57,205558
GOOG,09-11-2023,133.57,133.67,133.09,133.2,263863
GOOG,09-11-2023,133.21,133.21,132.75,132.87,224225
GOOG,09-11-2023,132.87,132.99,132.77,132.97,173443
GOOG,09-11-2023,132.98,133.28,132.95,132.96,166175
GOOG,09-11-2023,132.95,133.12,132.78,133.09,145457
GOOG,09-11-2023,133.09,133.12,132.89,133,118004
GOOG,09-11-2023,133.02,133.08,132.84,132.92,155834
GOOG,09-11-2023,132.93,133.19,132.93,133.13,154453
GOOG,09-11-2023,133.12,133.37,133.06,133.35,149930
GOOG,09-11-2023,133.34,133.37,133.18,133.22,119028
GOOG,09-11-2023,133.21,133.39,133.2,133.31,91225
GOOG,09-11-2023,133.3,133.41,133.24,133.39,90780
GOOG,09-11-2023,133.39,133.54,133.35,133.54,81861
GOOG,09-11-2023,133.52,133.73,133.52,133.7,192547
GOOG,09-11-2023,133.7,133.73,133.56,133.66,133119
GOOG,09-11-2023,133.66,133.74,133.57,133.57,120804
GOOG,09-11-2023,133.58,133.71,133.52,133.65,103954
GOOG,09-11-2023,133.66,133.66,133.43,133.44,137860
GOOG,09-11-2023,133.44,133.52,133.36,133.49,76431
GOOG,09-11-2023,133.49,133.64,133.43,133.59,95609
GOOG,09-11-2023,133.6,133.6,133.52,133.55,84485
GOOG,09-11-2023,133.54,133.69,133.53,133.65,97682
GOOG,09-11-2023,133.65,133.96,133.63,133.91,184576
GOOG,09-11-2023,133.92,133.93,133.73,133.8,99440
GOOG,09-11-2023,133.8,133.8,133.49,133.54,174015
GOOG,09-11-2023,133.54,133.63,133.51,133.54,83755
GOOG,09-11-2023,133.54,133.54,133.31,133.42,112264
GOOG,09-11-2023,133.42,133.46,133.27,133.28,88194
GOOG,09-11-2023,133.28,133.33,133.23,133.27,70354
GOOG,09-11-2023,133.26,133.26,133.08,133.17,117779
GOOG,09-11-2023,133.16,133.25,133.09,133.24,126784
GOOG,09-11-2023,133.24,133.24,132.93,132.94,108733
GOOG,09-11-2023,132.94,133.04,132.9,133,84355
GOOG,09-11-2023,133.01,133.19,132.96,133.16,101346
GOOG,09-11-2023,133.17,133.25,133.13,133.25,117181
GOOG,09-11-2023,133.24,133.26,133.15,133.2,86870
GOOG,09-11-2023,133.22,133.24,132.45,132.65,358242
GOOG,09-11-2023,132.65,132.7,132.27,132.53,350421
GOOG,09-11-2023,132.54,132.88,132.4,132.83,229578
GOOG,09-11-2023,132.84,132.84,132.51,132.58,159036
GOOG,09-11-2023,132.57,132.81,132.53,132.75,170196
GOOG,09-11-2023,132.75,132.78,132.58,132.65,141708
GOOG,09-11-2023,132.65,132.68,132.52,132.63,145950
GOOG,09-11-2023,132.64,132.71,132.41,132.41,137569
GOOG,09-11-2023,132.42,132.42,132.2,132.34,176495
GOOG,09-11-2023,132.36,132.38,132.26,132.36,123788
GOOG,09-11-2023,132.36,132.39,132.18,132.21,127656
GOOG,09-11-2023,132.24,132.3,132.15,132.24,118416
GOOG,09-11-2023,132.24,132.24,131.87,132.01,342014
GOOG,09-11-2023,131.99,132.14,131.86,132.11,181102
GOOG,09-11-2023,132.11,132.18,132.03,132.11,112169
GOOG,09-11-2023,132.11,132.21,131.93,132.01,178365
GOOG,09-11-2023,132.01,132.29,131.99,132.21,125668
GOOG,09-11-2023,132.24,132.36,132.16,132.24,148328
GOOG,09-11-2023,132.24,132.36,132.13,132.18,113197
GOOG,09-11-2023,132.18,132.23,131.98,132.16,127050
GOOG,09-11-2023,132.19,132.2,131.86,131.88,135918
GOOG,09-11-2023,131.89,132.06,131.84,132.04,106689
GOOG,09-11-2023,132.03,132.05,131.82,131.84,95078
GOOG,09-11-2023,131.82,131.96,131.77,131.85,135799
GOOG,09-11-2023,131.84,131.85,131.64,131.74,225181
GOOG,09-11-2023,131.74,131.83,131.64,131.71,210246
GOOG,09-11-2023,131.71,131.85,131.68,131.76,505173
GOOG,09-11-2023,131.76,132,131.71,131.98,210913
GOOG,09-11-2023,131.99,132.02,131.82,131.85,165530
GOOG,09-11-2023,131.86,131.97,131.81,131.85,122142
GOOG,09-11-2023,131.85,131.91,131.79,131.85,156366
GOOG,09-11-2023,131.85,131.86,131.72,131.77,152453
GOOG,09-11-2023,131.77,131.77,131.63,131.71,209598
GOOG,09-11-2023,131.72,131.84,131.68,131.72,275128
GOOG,09-11-2023,131.72,131.77,131.51,131.62,448157
GOOG,09-11-2023,131.61,131.77,131.56,131.7,822526
GOOG,10-11-2023,130.88,131.41,130.87,131.21,1.25085e+06
GOOG,10-11-2023,131.21,131.42,131.09,131.36,376955
GOOG,10-11-2023,131.35,131.88,131.32,131.87,327441
GOOG,10-11-2023,131.9,132.08,131.8,131.92,347320
GOOG,10-11-2023,131.94,132.28,131.82,132.26,298629
GOOG,10-11-2023,132.24,132.37,132.07,132.3,270203
GOOG,10-11-2023,132.3,132.3,131.89,131.97,350994
GOOG,10-11-2023,131.97,132.21,131.81,131.88,362142
GOOG,10-11-2023,131.84,132.23,131.79,132.18,137127
GOOG,10-11-2023,132.17,132.29,132.03,132.27,167092
GOOG,10-11-2023,132.27,132.34,131.93,131.94,204871
GOOG,10-11-2023,131.93,131.94,131.59,131.68,226154
GOOG,10-11-2023,131.69,131.81,131.43,131.44,198211
GOOG,10-11-2023,131.45,131.51,131.31,131.31,305292
GOOG,10-11-2023,131.32,131.4,131.21,131.26,212736
GOOG,10-11-2023,131.26,131.56,131.21,131.31,188989
GOOG,10-11-2023,131.31,131.43,131.27,131.36,171327
GOOG,10-11-2023,131.37,131.53,131.35,131.5,111506
GOOG,10-11-2023,131.64,131.78,131.59,131.78,239339
GOOG,10-11-2023,131.78,132.29,131.78,132.28,273146
GOOG,10-11-2023,132.27,132.61,132.21,132.6,268837
GOOG,10-11-2023,132.61,132.66,132.45,132.57,174937
GOOG,10-11-2023,132.58,132.63,132.48,132.49,140694
GOOG,10-11-2023,132.49,132.63,132.46,132.6,140377
GOOG,10-11-2023,132.6,132.71,132.48,132.49,133101
GOOG,10-11-2023,132.49,132.69,132.42,132.65,143399
GOOG,10-11-2023,132.65,132.8,132.6,132.79,326156
GOOG,10-11-2023,132.8,132.92,132.77,132.83,164785
GOOG,10-11-2023,132.84,133.02,132.84,133.01,131344
GOOG,10-11-2023,133.02,133.05,132.91,133.03,146281
GOOG,10-11-2023,133.03,133.3,133.02,133.2,169187
GOOG,10-11-2023,133.2,133.37,133.16,133.34,157837
GOOG,10-11-2023,133.36,133.36,133.14,133.2,144213
GOOG,10-11-2023,133.2,133.35,133.18,133.31,120419
GOOG,10-11-2023,133.31,133.33,133.18,133.24,87336
GOOG,10-11-2023,133.24,133.29,133.16,133.2,110306
GOOG,10-11-2023,133.21,133.58,133.19,133.55,306680
GOOG,10-11-2023,133.57,133.7,133.55,133.56,212352
GOOG,10-11-2023,133.55,133.63,133.43,133.59,204012
GOOG,10-11-2023,133.58,133.59,133.49,133.5,147987
GOOG,10-11-2023,133.49,133.72,133.46,133.7,167417
GOOG,10-11-2023,133.71,133.75,133.58,133.62,141307
GOOG,10-11-2023,133.62,133.66,133.55,133.66,119259
GOOG,10-11-2023,133.66,133.7,133.41,133.41,193895
GOOG,10-11-2023,133.41,133.53,133.32,133.48,165231
GOOG,10-11-2023,133.47,133.57,133.4,133.57,80992
GOOG,10-11-2023,133.57,133.74,133.55,133.71,151532
GOOG,10-11-2023,133.71,133.78,133.6,133.74,181337
GOOG,10-11-2023,133.75,133.9,133.75,133.89,166206
GOOG,10-11-2023,133.89,133.93,133.83,133.9,119847
GOOG,10-11-2023,133.9,133.99,133.89,133.98,139203
GOOG,10-11-2023,133.99,134.04,133.9,134.03,167786
GOOG,10-11-2023,134.03,134.03,133.86,133.9,170258
GOOG,10-11-2023,133.88,133.9,133.76,133.79,117194
GOOG,10-11-2023,133.79,133.9,133.77,133.81,91641
GOOG,10-11-2023,133.82,133.96,133.79,133.95,101977
GOOG,10-11-2023,133.95,133.99,133.87,133.9,123488
GOOG,10-11-2023,133.9,133.98,133.9,133.95,107280
GOOG,10-11-2023,133.95,133.98,133.88,133.9,82081
GOOG,10-11-2023,133.9,133.94,133.79,133.92,98243
GOOG,10-11-2023,133.93,133.94,133.74,133.77,75266
GOOG,10-11-2023,133.77,133.9,133.76,133.9,94029
GOOG,10-11-2023,133.9,134.07,133.88,133.93,151689
GOOG,10-11-2023,133.92,133.99,133.84,133.85,115249
GOOG,10-11-2023,133.85,134.02,133.85,134.02,104285
GOOG,10-11-2023,134.01,134.02,133.89,133.95,103012
GOOG,10-11-2023,133.96,134.04,133.92,133.95,88462
GOOG,10-11-2023,133.94,134.05,133.91,134.05,88494
GOOG,10-11-2023,134.05,134.07,133.96,134,101485
GOOG,10-11-2023,134.01,134.14,133.92,134.14,190832
GOOG,10-11-2023,134.14,134.14,134.01,134.04,140161
GOOG,10-11-2023,134.04,134.17,133.98,134.14,134195
GOOG,10-11-2023,134.13,134.19,133.97,134,182870
GOOG,10-11-2023,133.99,134.1,133.99,134.05,172528
GOOG,10-11-2023,134.05,134.16,134.04,134.15,208454
GOOG,10-11-2023,134.15,134.27,134.12,134.26,403643
GOOG,10-11-2023,134.26,134.26,133.92,133.97,521681
GOOG,10-11-2023,133.97,134.12,133.93,134.08,695853
GOOG,13-11-2023,133.36,133.75,133.28,133.44,1.11959e+06
GOOG,13-11-2023,133.44,133.62,133.09,133.11,327540
GOOG,13-11-2023,133.11,133.14,132.9,132.91,454303
GOOG,13-11-2023,132.9,133.03,132.77,132.96,350829
GOOG,13-11-2023,132.96,133.09,132.8,132.88,261564
GOOG,13-11-2023,132.87,133.21,132.77,133.16,239523
GOOG,13-11-2023,133.16,133.35,133.16,133.28,275281
GOOG,13-11-2023,133.29,133.35,133.17,133.21,256870
GOOG,13-11-2023,133.21,133.43,133.2,133.29,233580
GOOG,13-11-2023,133.3,133.36,133.1,133.32,200539
GOOG,13-11-2023,133.3,133.44,133.25,133.34,180101
GOOG,13-11-2023,133.34,133.5,133.28,133.49,143933
GOOG,13-11-2023,133.5,133.65,133.48,133.58,175607
GOOG,13-11-2023,133.58,133.67,133.55,133.57,130389
GOOG,13-11-2023,133.57,133.66,133.43,133.5,177080
GOOG,13-11-2023,133.5,133.84,133.47,133.6,221872
GOOG,13-11-2023,133.6,133.83,133.51,133.75,204232
GOOG,13-11-2023,133.75,133.84,133.68,133.71,147676
GOOG,13-11-2023,133.71,133.87,133.65,133.66,164552
GOOG,13-11-2023,133.67,133.85,133.56,133.82,204671
GOOG,13-11-2023,133.82,133.88,133.76,133.86,107768
GOOG,13-11-2023,133.86,133.91,133.68,133.8,217412
GOOG,13-11-2023,133.79,133.95,133.71,133.91,158811
GOOG,13-11-2023,133.91,133.94,133.84,133.92,123501
GOOG,13-11-2023,133.91,133.93,133.76,133.81,116306
GOOG,13-11-2023,133.82,133.83,133.62,133.67,100817
GOOG,13-11-2023,133.67,133.88,133.65,133.78,108562
GOOG,13-11-2023,133.77,134.02,133.74,133.9,218094
GOOG,13-11-2023,133.9,133.9,133.76,133.79,67526
GOOG,13-11-2023,133.79,133.92,133.74,133.81,166725
GOOG,13-11-2023,133.81,133.89,133.77,133.89,104600
GOOG,13-11-2023,133.88,133.9,133.76,133.77,110617
GOOG,13-11-2023,133.77,133.78,133.59,133.72,157231
GOOG,13-11-2023,133.72,133.74,133.65,133.65,50623
GOOG,13-11-2023,133.65,133.84,133.58,133.82,102034
GOOG,13-11-2023,133.82,133.82,133.73,133.73,65125
GOOG,13-11-2023,133.73,133.8,133.61,133.79,114418
GOOG,13-11-2023,133.79,133.83,133.71,133.8,75670
GOOG,13-11-2023,133.8,133.86,133.74,133.74,65866
GOOG,13-11-2023,133.73,133.76,133.6,133.73,90579
GOOG,13-11-2023,133.72,133.79,133.63,133.76,106400
GOOG,13-11-2023,133.75,133.77,133.65,133.72,89374
GOOG,13-11-2023,133.72,133.73,133.55,133.6,75149
GOOG,13-11-2023,133.6,133.62,133.49,133.57,82205
GOOG,13-11-2023,133.58,133.68,133.51,133.64,88650
GOOG,13-11-2023,133.63,133.74,133.63,133.71,68287
GOOG,13-11-2023,133.72,133.74,133.5,133.7,99334
GOOG,13-11-2023,133.7,133.74,133.62,133.62,56785
GOOG,13-11-2023,133.63,133.65,133.54,133.58,80646
GOOG,13-11-2023,133.57,133.74,133.55,133.73,69458
GOOG,13-11-2023,133.73,133.82,133.66,133.81,106521
GOOG,13-11-2023,133.83,133.94,133.8,133.87,104999
GOOG,13-11-2023,133.87,133.9,133.74,133.75,92357
GOOG,13-11-2023,133.76,133.81,133.7,133.72,72170
GOOG,13-11-2023,133.73,133.8,133.66,133.75,78737
GOOG,13-11-2023,133.76,133.8,133.71,133.78,55663
GOOG,13-11-2023,133.78,133.81,133.69,133.81,61643
GOOG,13-11-2023,133.8,133.84,133.74,133.79,72118
GOOG,13-11-2023,133.79,134.02,133.76,134.01,266347
GOOG,13-11-2023,134.01,134.1,133.99,134.06,139032
GOOG,13-11-2023,134.06,134.1,133.89,133.9,119730
GOOG,13-11-2023,133.89,134.08,133.88,133.99,296721
GOOG,13-11-2023,133.98,134.1,133.93,134.05,94550
GOOG,13-11-2023,134.05,134.09,133.97,133.98,87543
GOOG,13-11-2023,133.99,134.01,133.87,133.99,98203
GOOG,13-11-2023,133.98,134.02,133.94,133.96,69116
GOOG,13-11-2023,133.96,134.01,133.82,133.97,152224
GOOG,13-11-2023,133.96,134.03,133.93,134.01,99453
GOOG,13-11-2023,134.01,134.11,134,134.1,216212
GOOG,13-11-2023,134.09,134.1,133.98,134.05,104522
GOOG,13-11-2023,134.05,134.1,133.95,133.99,118969
GOOG,13-11-2023,133.99,133.99,133.86,133.9,136771
GOOG,13-11-2023,133.9,133.9,133.79,133.85,144042
GOOG,13-11-2023,133.85,133.87,133.79,133.81,126466
GOOG,13-11-2023,133.82,133.86,133.76,133.8,247214
GOOG,13-11-2023,133.81,133.84,133.71,133.79,203188
GOOG,13-11-2023,133.79,133.82,133.61,133.61,442603
GOOG,13-11-2023,133.62,133.75,133.57,133.64,780101
GOOG,14-11-2023,136,136.45,135.75,136.18,1.915e+06
GOOG,14-11-2023,136.18,136.43,135.85,136.08,522641
GOOG,14-11-2023,136.08,136.28,135.72,136.14,444590
GOOG,14-11-2023,136.16,136.3,135.94,135.94,369626
GOOG,14-11-2023,135.94,136.24,135.87,136.1,356525
GOOG,14-11-2023,136.12,136.59,136.07,136.52,364442
GOOG,14-11-2023,136.52,136.96,136.52,136.92,402632
GOOG,14-11-2023,136.94,137.24,136.69,136.72,423147
GOOG,14-11-2023,136.72,136.76,136.44,136.6,233857
GOOG,14-11-2023,136.6,136.73,136.51,136.59,215603
GOOG,14-11-2023,136.57,136.62,136.23,136.32,197204
GOOG,14-11-2023,136.34,136.63,136.3,136.59,225554
GOOG,14-11-2023,136.59,136.71,136.39,136.71,172180
GOOG,14-11-2023,136.71,136.72,136.26,136.31,223421
GOOG,14-11-2023,136.3,136.34,135.97,136.17,212009
GOOG,14-11-2023,136.17,136.4,136.16,136.35,242849
GOOG,14-11-2023,136.35,136.36,136.15,136.24,157706
GOOG,14-11-2023,136.25,136.25,135.83,135.86,213676
GOOG,14-11-2023,135.87,136.02,135.77,135.8,234822
GOOG,14-11-2023,135.79,135.87,135.66,135.84,127056
GOOG,14-11-2023,135.85,136.05,135.77,136.04,157036
GOOG,14-11-2023,136.04,136.11,135.72,135.73,200025
GOOG,14-11-2023,135.72,135.76,135.58,135.58,179558
GOOG,14-11-2023,135.58,135.63,135.53,135.6,214138
GOOG,14-11-2023,135.6,135.74,135.55,135.67,178709
GOOG,14-11-2023,135.67,135.85,135.67,135.79,126067
GOOG,14-11-2023,135.78,135.97,135.73,135.94,168506
GOOG,14-11-2023,135.93,136,135.74,135.84,180775
GOOG,14-11-2023,135.84,135.84,135.62,135.66,109300
GOOG,14-11-2023,135.66,135.7,135.52,135.67,145057
GOOG,14-11-2023,135.67,135.91,135.66,135.79,117590
GOOG,14-11-2023,135.79,135.79,135.57,135.66,174103
GOOG,14-11-2023,135.65,135.68,135.52,135.58,139809
GOOG,14-11-2023,135.59,135.68,135.56,135.6,79822
GOOG,14-11-2023,135.59,135.64,135.54,135.6,125882
GOOG,14-11-2023,135.6,135.69,135.54,135.61,196437
GOOG,14-11-2023,135.61,135.87,135.6,135.85,151074
GOOG,14-11-2023,135.84,135.97,135.8,135.97,122979
GOOG,14-11-2023,135.96,136.02,135.86,135.94,209263
GOOG,14-11-2023,135.94,136.08,135.91,136.05,107311
GOOG,14-11-2023,136.05,136.08,135.95,136.07,147626
GOOG,14-11-2023,136.07,136.24,136.07,136.24,149043
GOOG,14-11-2023,136.25,136.36,136.23,136.32,160082
GOOG,14-11-2023,136.31,136.4,136.23,136.23,157625
GOOG,14-11-2023,136.24,136.33,136.16,136.29,107456
GOOG,14-11-2023,136.29,136.39,136.27,136.33,111914
GOOG,14-11-2023,136.33,136.33,136.23,136.32,114436
GOOG,14-11-2023,136.33,136.48,136.27,136.44,144844
GOOG,14-11-2023,136.44,136.58,136.43,136.46,163114
GOOG,14-11-2023,136.46,136.5,136.36,136.5,89064
GOOG,14-11-2023,136.49,136.49,136.26,136.29,108267
GOOG,14-11-2023,136.29,136.46,136.28,136.46,125705
GOOG,14-11-2023,136.46,136.47,136.28,136.29,153937
GOOG,14-11-2023,136.29,136.3,136.14,136.14,149668
GOOG,14-11-2023,136.15,136.15,135.96,136.03,134545
GOOG,14-11-2023,136.04,136.12,135.91,135.98,103023
GOOG,14-11-2023,135.99,136.04,135.91,135.97,262395
GOOG,14-11-2023,135.97,136.07,135.91,136.06,106537
GOOG,14-11-2023,136.05,136.09,136,136.09,76937
GOOG,14-11-2023,136.09,136.23,136.07,136.2,122130
GOOG,14-11-2023,136.21,136.35,136.21,136.28,125571
GOOG,14-11-2023,136.28,136.37,136.26,136.33,116458
GOOG,14-11-2023,136.32,136.43,136.32,136.38,88902
GOOG,14-11-2023,136.39,136.44,136.28,136.29,134872
GOOG,14-11-2023,136.29,136.47,136.29,136.43,171943
GOOG,14-11-2023,136.44,136.52,136.42,136.45,142307
GOOG,14-11-2023,136.44,136.48,136.33,136.4,184136
GOOG,14-11-2023,136.4,136.41,136.27,136.28,160647
GOOG,14-11-2023,136.28,136.37,136.24,136.26,144701
GOOG,14-11-2023,136.27,136.38,136.23,136.33,233364
GOOG,14-11-2023,136.34,136.36,136.07,136.08,215098
GOOG,14-11-2023,136.08,136.26,135.98,136.22,236737
GOOG,14-11-2023,136.22,136.27,136.03,136.03,202305
GOOG,14-11-2023,136.04,136.1,135.98,135.99,243831
GOOG,14-11-2023,135.99,136.1,135.86,135.9,324079
GOOG,14-11-2023,135.89,136.01,135.79,135.79,370112
GOOG,14-11-2023,135.78,135.78,135.2,135.25,712911
GOOG,14-11-2023,135.24,135.51,135.1,135.42,1.48072e+06
GOOG,15-11-2023,136.64,136.84,135.8,136.07,1.16473e+06
GOOG,15-11-2023,136.09,136.31,135.54,135.54,396063
GOOG,15-11-2023,135.56,135.71,135.45,135.56,306518
GOOG,15-11-2023,135.56,136.03,135.5,135.94,227359
GOOG,15-11-2023,135.95,136.01,135.78,135.9,220120
GOOG,15-11-2023,135.91,135.92,135.74,135.8,165173
GOOG,15-11-2023,135.78,135.85,135.64,135.76,222800
GOOG,15-11-2023,135.74,135.8,135.6,135.67,189806
GOOG,15-11-2023,135.65,135.75,135.53,135.55,129784
GOOG,15-11-2023,135.55,135.79,135.48,135.78,191629
GOOG,15-11-2023,135.79,136.07,135.77,135.93,176095
GOOG,15-11-2023,135.93,136.08,135.81,135.82,156960
GOOG,15-11-2023,135.84,135.92,135.55,135.63,161723
GOOG,15-11-2023,135.63,135.7,135.51,135.55,166787
GOOG,15-11-2023,135.57,135.85,135.52,135.84,141614
GOOG,15-11-2023,135.86,136.01,135.86,135.98,147418
GOOG,15-11-2023,135.98,136.2,135.97,135.98,199895
GOOG,15-11-2023,135.98,136.05,135.85,135.94,132407
GOOG,15-11-2023,135.94,136.06,135.76,135.79,253609
GOOG,15-11-2023,135.78,135.98,135.68,135.93,126554
GOOG,15-11-2023,135.93,135.99,135.82,135.93,162967
GOOG,15-11-2023,135.96,136.21,135.9,136.2,143907
GOOG,15-11-2023,136.19,136.36,136.18,136.32,131293
GOOG,15-11-2023,136.32,136.33,136.19,136.22,143896
GOOG,15-11-2023,136.23,136.36,136.17,136.33,154498
GOOG,15-11-2023,136.32,136.34,136.05,136.16,123598
GOOG,15-11-2023,136.18,136.18,135.86,135.95,152416
GOOG,15-11-2023,135.95,136.11,135.95,136.05,99350
GOOG,15-11-2023,136.05,136.05,135.71,135.71,171374
GOOG,15-11-2023,135.71,135.84,135.71,135.82,77392
GOOG,15-11-2023,135.82,135.87,135.74,135.75,117201
GOOG,15-11-2023,135.75,136.04,135.75,135.87,117462
GOOG,15-11-2023,135.87,135.91,135.79,135.89,103915
GOOG,15-11-2023,135.89,135.92,135.8,135.85,70232
GOOG,15-11-2023,135.86,136.01,135.81,135.93,79261
GOOG,15-11-2023,135.92,136.04,135.89,135.98,113341
GOOG,15-11-2023,135.97,135.99,135.78,135.89,77826
GOOG,15-11-2023,135.89,135.91,135.75,135.89,94862
GOOG,15-11-2023,135.88,135.91,135.72,135.86,55401
GOOG,15-11-2023,135.86,136.02,135.79,136.01,70762
GOOG,15-11-2023,136.01,136.01,135.88,135.94,81416
GOOG,15-11-2023,135.94,135.95,135.67,135.72,67495
GOOG,15-11-2023,135.71,135.76,135.62,135.75,119559
GOOG,15-11-2023,135.75,135.75,135.5,135.52,111629
GOOG,15-11-2023,135.53,135.58,135.33,135.43,140807
GOOG,15-11-2023,135.43,135.54,135.34,135.54,138237
GOOG,15-11-2023,135.55,135.81,135.54,135.81,144103
GOOG,15-11-2023,135.8,135.88,135.76,135.88,126779
GOOG,15-11-2023,135.88,136.07,135.81,136.07,101069
GOOG,15-11-2023,136.07,136.09,135.94,136,75390
GOOG,15-11-2023,135.99,136.09,135.99,136.05,92679
GOOG,15-11-2023,136.07,136.12,136.04,136.09,93150
GOOG,15-11-2023,136.1,136.23,136.1,136.18,118571
GOOG,15-11-2023,136.19,136.24,136.07,136.2,105342
GOOG,15-11-2023,136.21,136.32,136.15,136.24,99731
GOOG,15-11-2023,136.24,136.32,136.23,136.23,91996
GOOG,15-11-2023,136.24,136.33,136.22,136.24,90439
GOOG,15-11-2023,136.24,136.25,136.07,136.09,107351
GOOG,15-11-2023,136.08,136.21,135.97,136.13,107072
GOOG,15-11-2023,136.13,136.35,136.13,136.35,133076
GOOG,15-11-2023,136.35,136.35,136.22,136.24,95427
GOOG,15-11-2023,136.23,136.29,136.18,136.28,108202
GOOG,15-11-2023,136.28,136.28,136.08,136.13,85604
GOOG,15-11-2023,136.13,136.18,136.05,136.07,79832
GOOG,15-11-2023,136.07,136.23,136.07,136.17,112824
GOOG,15-11-2023,136.17,136.28,136.16,136.21,99102
GOOG,15-11-2023,136.21,136.23,136.15,136.18,94963
GOOG,15-11-2023,136.18,136.21,136.06,136.06,129201
GOOG,15-11-2023,136.05,136.15,136.02,136.1,104588
GOOG,15-11-2023,136.1,136.18,136.04,136.16,89457
GOOG,15-11-2023,136.16,136.24,136.09,136.1,87641
GOOG,15-11-2023,136.11,136.25,136.01,136.24,141747
GOOG,15-11-2023,136.25,136.27,136.19,136.26,162676
GOOG,15-11-2023,136.25,136.4,136.25,136.38,178652
GOOG,15-11-2023,136.38,136.44,136.37,136.38,162704
GOOG,15-11-2023,136.38,136.4,136.24,136.25,223183
GOOG,15-11-2023,136.26,136.52,136.18,136.26,373568
GOOG,15-11-2023,136.26,136.49,136.16,136.42,882457
GOOG,15-11-2023,136.38,136.38,136.38,136.38,0
