oqxhx,2021-01-01,2021-01-02,24,73,79,93,73,47,
iQPtS,2021-01-02,2022-02-02,99,24,14,3,30,40,
FeQUJ,2022-03-03,2022-02-02,99,71,31,83,86,25,
MSXQU,2022-02-03,2023-03-03,87,47,86,89,45,86,
YjX1L,2024-03-03,2024-03-04,22,76,53,7,79,29,
q2pXK,2025-04-04,2025-03-05,46,31,47,13,43,49,
sdhUS,2026-03-05,2025-03-06,94,93,19,81,3,37,
LFpOl,2025-04-06,2025-03-06,29,22,9,57,17,19,
R7lQe,2026-04-06,2026-03-06,4,61,81,63,84,43,
VV8fZ,2026-04-06,2027-03-07,38,15,47,27,40,21,
FjyGt,2028-03-07,2027-04-08,87,61,61,3,99,23,
NF9q4,2027-05-09,2027-04-09,41,22,37,49,3,44,
oILDh,2027-04-10,2028-04-09,97,50,46,4,19,20,
p8nA2,2028-04-10,2029-04-10,35,58,96,90,27,97,
ibn3a,2030-05-10,2029-05-11,90,13,69,89,75,73,
i9vEa,2030-05-12,2030-05-11,12,99,59,11,71,52,
kXwG5,2031-05-12,2031-05-11,44,57,58,49,37,41,
qNO4K,2032-06-12,2031-05-11,78,88,89,82,61,5,
I8Kip,2032-05-11,2031-05-12,35,53,95,8,55,1,
KXMCJ,2031-06-12,2032-06-13,53,39,50,53,20,95,
fUK19,2033-07-13,2032-07-13,44,92,33,20,7,14,
sspoK,2033-08-14,2032-08-13,12,60,34,53,16,26,
apkQl,2032-08-14,2032-09-13,33,68,5,32,41,13,
OXcdc,2032-09-14,2032-09-14,27,10,19,42,29,42,
utQYL,2032-10-14,2032-09-15,79,76,59,44,16,53,
5OYfk,2033-10-15,2033-10-16,44,17,32,34,9,23,
gRLBN,2034-11-16,2034-11-17,98,23,83,45,85,93,
6JqMl,2034-11-17,2035-11-18,78,97,18,40,45,53,
Lakar,2036-11-19,2036-11-18,71,12,42,25,32,12,
UAXci,2037-11-19,2036-11-19,83,44,57,12,49,83,
